source_desc,year,commodity_desc,class_desc,statisticcat_desc,util_practice_desc,unit_desc,value_num
SURVEY,2002,COTTON,ALL CLASSES,AREA HARVESTED,ALL UTILIZATION PRACTICES,ACRES,12416600
SURVEY,1997,COTTON,ALL CLASSES,AREA HARVESTED,ALL UTILIZATION PRACTICES,ACRES,13406000
SURVEY,2007,COTTON,ALL CLASSES,AREA HARVESTED,ALL UTILIZATION PRACTICES,ACRES,10489100
SURVEY,2009,COTTON,ALL CLASSES,AREA HARVESTED,ALL UTILIZATION PRACTICES,ACRES,7533700
SURVEY,2010,COTTON,ALL CLASSES,AREA HARVESTED,ALL UTILIZATION PRACTICES,ACRES,10698700
SURVEY,2006,COTTON,ALL CLASSES,AREA HARVESTED,ALL UTILIZATION PRACTICES,ACRES,12731500
SURVEY,1995,COTTON,ALL CLASSES,AREA HARVESTED,ALL UTILIZATION PRACTICES,ACRES,16006700
SURVEY,1996,COTTON,ALL CLASSES,AREA HARVESTED,ALL UTILIZATION PRACTICES,ACRES,12888100
SURVEY,1998,COTTON,ALL CLASSES,AREA HARVESTED,ALL UTILIZATION PRACTICES,ACRES,10683600
SURVEY,1999,COTTON,ALL CLASSES,AREA HARVESTED,ALL UTILIZATION PRACTICES,ACRES,13424900
SURVEY,2001,COTTON,ALL CLASSES,AREA HARVESTED,ALL UTILIZATION PRACTICES,ACRES,13827700
SURVEY,2005,COTTON,ALL CLASSES,AREA HARVESTED,ALL UTILIZATION PRACTICES,ACRES,13802600
SURVEY,2000,COTTON,ALL CLASSES,AREA HARVESTED,ALL UTILIZATION PRACTICES,ACRES,13053000
SURVEY,1993,COTTON,ALL CLASSES,AREA HARVESTED,ALL UTILIZATION PRACTICES,ACRES,12783300
SURVEY,1992,COTTON,ALL CLASSES,AREA HARVESTED,ALL UTILIZATION PRACTICES,ACRES,11123300
SURVEY,2004,COTTON,ALL CLASSES,AREA HARVESTED,ALL UTILIZATION PRACTICES,ACRES,13057000
SURVEY,2003,COTTON,ALL CLASSES,AREA HARVESTED,ALL UTILIZATION PRACTICES,ACRES,12003400
SURVEY,2008,COTTON,ALL CLASSES,AREA HARVESTED,ALL UTILIZATION PRACTICES,ACRES,7568700
SURVEY,1991,COTTON,ALL CLASSES,AREA HARVESTED,ALL UTILIZATION PRACTICES,ACRES,12959500
SURVEY,1994,COTTON,ALL CLASSES,AREA HARVESTED,ALL UTILIZATION PRACTICES,ACRES,13322300
SURVEY,2011,COTTON,ALL CLASSES,AREA HARVESTED,ALL UTILIZATION PRACTICES,ACRES,9460900
SURVEY,2012,COTTON,ALL CLASSES,AREA HARVESTED,ALL UTILIZATION PRACTICES,ACRES,9321800
SURVEY,1990,COTTON,ALL CLASSES,AREA HARVESTED,ALL UTILIZATION PRACTICES,ACRES,11731600
SURVEY,2013,COTTON,ALL CLASSES,AREA HARVESTED,ALL UTILIZATION PRACTICES,ACRES,7539400
SURVEY,2014,COTTON,ALL CLASSES,AREA HARVESTED,ALL UTILIZATION PRACTICES,ACRES,9351800
SURVEY,2015,COTTON,ALL CLASSES,AREA HARVESTED,ALL UTILIZATION PRACTICES,ACRES,8074900
SURVEY,2016,COTTON,ALL CLASSES,AREA HARVESTED,ALL UTILIZATION PRACTICES,ACRES,9507800
SURVEY,2017,COTTON,ALL CLASSES,AREA HARVESTED,ALL UTILIZATION PRACTICES,ACRES,11100400
SURVEY,2018,COTTON,ALL CLASSES,AREA HARVESTED,ALL UTILIZATION PRACTICES,ACRES,10205800
SURVEY,2019,COTTON,ALL CLASSES,AREA HARVESTED,ALL UTILIZATION PRACTICES,ACRES,11804500
SURVEY,2002,COTTON,ALL CLASSES,AREA PLANTED,ALL UTILIZATION PRACTICES,ACRES,13957900
SURVEY,1997,COTTON,ALL CLASSES,AREA PLANTED,ALL UTILIZATION PRACTICES,ACRES,13898000
SURVEY,2007,COTTON,ALL CLASSES,AREA PLANTED,ALL UTILIZATION PRACTICES,ACRES,10827200
SURVEY,2009,COTTON,ALL CLASSES,AREA PLANTED,ALL UTILIZATION PRACTICES,ACRES,9149500
SURVEY,2010,COTTON,ALL CLASSES,AREA PLANTED,ALL UTILIZATION PRACTICES,ACRES,10974200
SURVEY,2006,COTTON,ALL CLASSES,AREA PLANTED,ALL UTILIZATION PRACTICES,ACRES,15274000
SURVEY,1995,COTTON,ALL CLASSES,AREA PLANTED,ALL UTILIZATION PRACTICES,ACRES,16931400
SURVEY,1996,COTTON,ALL CLASSES,AREA PLANTED,ALL UTILIZATION PRACTICES,ACRES,14652500
SURVEY,1998,COTTON,ALL CLASSES,AREA PLANTED,ALL UTILIZATION PRACTICES,ACRES,13392500
SURVEY,1999,COTTON,ALL CLASSES,AREA PLANTED,ALL UTILIZATION PRACTICES,ACRES,14873500
SURVEY,2001,COTTON,ALL CLASSES,AREA PLANTED,ALL UTILIZATION PRACTICES,ACRES,15768500
SURVEY,2005,COTTON,ALL CLASSES,AREA PLANTED,ALL UTILIZATION PRACTICES,ACRES,14245400
SURVEY,2000,COTTON,ALL CLASSES,AREA PLANTED,ALL UTILIZATION PRACTICES,ACRES,15517200
SURVEY,1993,COTTON,ALL CLASSES,AREA PLANTED,ALL UTILIZATION PRACTICES,ACRES,13438300
SURVEY,1992,COTTON,ALL CLASSES,AREA PLANTED,ALL UTILIZATION PRACTICES,ACRES,13240000
SURVEY,2004,COTTON,ALL CLASSES,AREA PLANTED,ALL UTILIZATION PRACTICES,ACRES,13658600
SURVEY,2003,COTTON,ALL CLASSES,AREA PLANTED,ALL UTILIZATION PRACTICES,ACRES,13479600
SURVEY,2008,COTTON,ALL CLASSES,AREA PLANTED,ALL UTILIZATION PRACTICES,ACRES,9471000
SURVEY,1991,COTTON,ALL CLASSES,AREA PLANTED,ALL UTILIZATION PRACTICES,ACRES,14052100
SURVEY,1994,COTTON,ALL CLASSES,AREA PLANTED,ALL UTILIZATION PRACTICES,ACRES,13720100
SURVEY,2011,COTTON,ALL CLASSES,AREA PLANTED,ALL UTILIZATION PRACTICES,ACRES,14735400
SURVEY,2012,COTTON,ALL CLASSES,AREA PLANTED,ALL UTILIZATION PRACTICES,ACRES,12264400
SURVEY,1990,COTTON,ALL CLASSES,AREA PLANTED,ALL UTILIZATION PRACTICES,ACRES,12348100
SURVEY,2013,COTTON,ALL CLASSES,AREA PLANTED,ALL UTILIZATION PRACTICES,ACRES,10407000
SURVEY,2014,COTTON,ALL CLASSES,AREA PLANTED,ALL UTILIZATION PRACTICES,ACRES,11148400
SURVEY,2015,COTTON,ALL CLASSES,AREA PLANTED,ALL UTILIZATION PRACTICES,ACRES,8580500
SURVEY,2016,COTTON,ALL CLASSES,AREA PLANTED,ALL UTILIZATION PRACTICES,ACRES,10073500
SURVEY,2017,COTTON,ALL CLASSES,AREA PLANTED,ALL UTILIZATION PRACTICES,ACRES,12717500
SURVEY,2018,COTTON,ALL CLASSES,AREA PLANTED,ALL UTILIZATION PRACTICES,ACRES,14100300
SURVEY,2019,COTTON,ALL CLASSES,AREA PLANTED,ALL UTILIZATION PRACTICES,ACRES,13737800
SURVEY,2020,COTTON,ALL CLASSES,AREA PLANTED,ALL UTILIZATION PRACTICES,ACRES,13703000
SURVEY,2002,COTTON,ALL CLASSES,PRODUCTION,ALL UTILIZATION PRACTICES,480 LB BALES,17208600
SURVEY,1997,COTTON,ALL CLASSES,PRODUCTION,ALL UTILIZATION PRACTICES,480 LB BALES,18793000
SURVEY,2007,COTTON,ALL CLASSES,PRODUCTION,ALL UTILIZATION PRACTICES,480 LB BALES,19206900
SURVEY,2009,COTTON,ALL CLASSES,PRODUCTION,ALL UTILIZATION PRACTICES,480 LB BALES,12183000
SURVEY,2010,COTTON,ALL CLASSES,PRODUCTION,ALL UTILIZATION PRACTICES,480 LB BALES,18101800
SURVEY,2006,COTTON,ALL CLASSES,PRODUCTION,ALL UTILIZATION PRACTICES,480 LB BALES,21587800
SURVEY,1995,COTTON,ALL CLASSES,PRODUCTION,ALL UTILIZATION PRACTICES,480 LB BALES,17899800
SURVEY,1996,COTTON,ALL CLASSES,PRODUCTION,ALL UTILIZATION PRACTICES,480 LB BALES,18942000
SURVEY,1998,COTTON,ALL CLASSES,PRODUCTION,ALL UTILIZATION PRACTICES,480 LB BALES,13918200
SURVEY,1999,COTTON,ALL CLASSES,PRODUCTION,ALL UTILIZATION PRACTICES,480 LB BALES,16968000
SURVEY,2001,COTTON,ALL CLASSES,PRODUCTION,ALL UTILIZATION PRACTICES,480 LB BALES,20302800
SURVEY,2005,COTTON,ALL CLASSES,PRODUCTION,ALL UTILIZATION PRACTICES,480 LB BALES,23890200
SURVEY,2000,COTTON,ALL CLASSES,PRODUCTION,ALL UTILIZATION PRACTICES,480 LB BALES,17188300
SURVEY,1993,COTTON,ALL CLASSES,PRODUCTION,ALL UTILIZATION PRACTICES,480 LB BALES,16133600
SURVEY,1992,COTTON,ALL CLASSES,PRODUCTION,ALL UTILIZATION PRACTICES,480 LB BALES,16218500
SURVEY,2004,COTTON,ALL CLASSES,PRODUCTION,ALL UTILIZATION PRACTICES,480 LB BALES,23250700
SURVEY,2003,COTTON,ALL CLASSES,PRODUCTION,ALL UTILIZATION PRACTICES,480 LB BALES,18255200
SURVEY,2008,COTTON,ALL CLASSES,PRODUCTION,ALL UTILIZATION PRACTICES,480 LB BALES,12825400
SURVEY,1991,COTTON,ALL CLASSES,PRODUCTION,ALL UTILIZATION PRACTICES,480 LB BALES,17614300
SURVEY,1994,COTTON,ALL CLASSES,PRODUCTION,ALL UTILIZATION PRACTICES,480 LB BALES,19662000
SURVEY,2011,COTTON,ALL CLASSES,PRODUCTION,ALL UTILIZATION PRACTICES,480 LB BALES,15573200
SURVEY,2012,COTTON,ALL CLASSES,PRODUCTION,ALL UTILIZATION PRACTICES,480 LB BALES,17313800
SURVEY,1990,COTTON,ALL CLASSES,PRODUCTION,ALL UTILIZATION PRACTICES,480 LB BALES,15505400
SURVEY,2013,COTTON,ALL CLASSES,PRODUCTION,ALL UTILIZATION PRACTICES,480 LB BALES,12909200
SURVEY,2014,COTTON,ALL CLASSES,PRODUCTION,ALL UTILIZATION PRACTICES,480 LB BALES,16319400
SURVEY,2015,COTTON,ALL CLASSES,PRODUCTION,ALL UTILIZATION PRACTICES,480 LB BALES,12888000
SURVEY,2016,COTTON,ALL CLASSES,PRODUCTION,ALL UTILIZATION PRACTICES,480 LB BALES,17169900
SURVEY,2017,COTTON,ALL CLASSES,PRODUCTION,ALL UTILIZATION PRACTICES,480 LB BALES,20922500
SURVEY,2018,COTTON,ALL CLASSES,PRODUCTION,ALL UTILIZATION PRACTICES,480 LB BALES,18367000
SURVEY,2019,COTTON,ALL CLASSES,PRODUCTION,ALL UTILIZATION PRACTICES,480 LB BALES,20102000
SURVEY,2002,COTTON,PIMA,AREA HARVESTED,ALL UTILIZATION PRACTICES,ACRES,242600
SURVEY,1997,COTTON,PIMA,AREA HARVESTED,ALL UTILIZATION PRACTICES,ACRES,249000
SURVEY,2007,COTTON,PIMA,AREA HARVESTED,ALL UTILIZATION PRACTICES,ACRES,288100
SURVEY,2009,COTTON,PIMA,AREA HARVESTED,ALL UTILIZATION PRACTICES,ACRES,138200
SURVEY,2010,COTTON,PIMA,AREA HARVESTED,ALL UTILIZATION PRACTICES,ACRES,201700
SURVEY,2006,COTTON,PIMA,AREA HARVESTED,ALL UTILIZATION PRACTICES,ACRES,323500
SURVEY,1995,COTTON,PIMA,AREA HARVESTED,ALL UTILIZATION PRACTICES,ACRES,211100
SURVEY,1996,COTTON,PIMA,AREA HARVESTED,ALL UTILIZATION PRACTICES,ACRES,255900
SURVEY,1998,COTTON,PIMA,AREA HARVESTED,ALL UTILIZATION PRACTICES,ACRES,234800
SURVEY,1999,COTTON,PIMA,AREA HARVESTED,ALL UTILIZATION PRACTICES,ACRES,286900
SURVEY,2001,COTTON,PIMA,AREA HARVESTED,ALL UTILIZATION PRACTICES,ACRES,268200
SURVEY,2005,COTTON,PIMA,AREA HARVESTED,ALL UTILIZATION PRACTICES,ACRES,268600
SURVEY,2000,COTTON,PIMA,AREA HARVESTED,ALL UTILIZATION PRACTICES,ACRES,169000
SURVEY,1993,COTTON,PIMA,AREA HARVESTED,ALL UTILIZATION PRACTICES,ACRES,188900
SURVEY,1992,COTTON,PIMA,AREA HARVESTED,ALL UTILIZATION PRACTICES,ACRES,260200
SURVEY,2004,COTTON,PIMA,AREA HARVESTED,ALL UTILIZATION PRACTICES,ACRES,248000
SURVEY,2003,COTTON,PIMA,AREA HARVESTED,ALL UTILIZATION PRACTICES,ACRES,177400
SURVEY,2008,COTTON,PIMA,AREA HARVESTED,ALL UTILIZATION PRACTICES,ACRES,168700
SURVEY,1991,COTTON,PIMA,AREA HARVESTED,ALL UTILIZATION PRACTICES,ACRES,244000
SURVEY,1994,COTTON,PIMA,AREA HARVESTED,ALL UTILIZATION PRACTICES,ACRES,166400
SURVEY,2011,COTTON,PIMA,AREA HARVESTED,ALL UTILIZATION PRACTICES,ACRES,304900
SURVEY,2012,COTTON,PIMA,AREA HARVESTED,ALL UTILIZATION PRACTICES,ACRES,236800
SURVEY,1990,COTTON,PIMA,AREA HARVESTED,ALL UTILIZATION PRACTICES,ACRES,227100
SURVEY,2013,COTTON,PIMA,AREA HARVESTED,ALL UTILIZATION PRACTICES,ACRES,199400
SURVEY,2014,COTTON,PIMA,AREA HARVESTED,ALL UTILIZATION PRACTICES,ACRES,189800
SURVEY,2015,COTTON,PIMA,AREA HARVESTED,ALL UTILIZATION PRACTICES,ACRES,154900
SURVEY,2016,COTTON,PIMA,AREA HARVESTED,ALL UTILIZATION PRACTICES,ACRES,187800
SURVEY,2017,COTTON,PIMA,AREA HARVESTED,ALL UTILIZATION PRACTICES,ACRES,250400
SURVEY,2018,COTTON,PIMA,AREA HARVESTED,ALL UTILIZATION PRACTICES,ACRES,248800
SURVEY,2019,COTTON,PIMA,AREA HARVESTED,ALL UTILIZATION PRACTICES,ACRES,224500
SURVEY,2002,COTTON,PIMA,AREA PLANTED,ALL UTILIZATION PRACTICES,ACRES,243900
SURVEY,1997,COTTON,PIMA,AREA PLANTED,ALL UTILIZATION PRACTICES,ACRES,250000
SURVEY,2007,COTTON,PIMA,AREA PLANTED,ALL UTILIZATION PRACTICES,ACRES,292200
SURVEY,2009,COTTON,PIMA,AREA PLANTED,ALL UTILIZATION PRACTICES,ACRES,141400
SURVEY,2010,COTTON,PIMA,AREA PLANTED,ALL UTILIZATION PRACTICES,ACRES,204200
SURVEY,2006,COTTON,PIMA,AREA PLANTED,ALL UTILIZATION PRACTICES,ACRES,326000
SURVEY,1995,COTTON,PIMA,AREA PLANTED,ALL UTILIZATION PRACTICES,ACRES,214600
SURVEY,1996,COTTON,PIMA,AREA PLANTED,ALL UTILIZATION PRACTICES,ACRES,258000
SURVEY,1998,COTTON,PIMA,AREA PLANTED,ALL UTILIZATION PRACTICES,ACRES,328200
SURVEY,1999,COTTON,PIMA,AREA PLANTED,ALL UTILIZATION PRACTICES,ACRES,289500
SURVEY,2001,COTTON,PIMA,AREA PLANTED,ALL UTILIZATION PRACTICES,ACRES,270000
SURVEY,2005,COTTON,PIMA,AREA PLANTED,ALL UTILIZATION PRACTICES,ACRES,270400
SURVEY,2000,COTTON,PIMA,AREA PLANTED,ALL UTILIZATION PRACTICES,ACRES,170200
SURVEY,1993,COTTON,PIMA,AREA PLANTED,ALL UTILIZATION PRACTICES,ACRES,190000
SURVEY,1992,COTTON,PIMA,AREA PLANTED,ALL UTILIZATION PRACTICES,ACRES,263400
SURVEY,2004,COTTON,PIMA,AREA PLANTED,ALL UTILIZATION PRACTICES,ACRES,249600
SURVEY,2003,COTTON,PIMA,AREA PLANTED,ALL UTILIZATION PRACTICES,ACRES,178600
SURVEY,2008,COTTON,PIMA,AREA PLANTED,ALL UTILIZATION PRACTICES,ACRES,174000
SURVEY,1991,COTTON,PIMA,AREA PLANTED,ALL UTILIZATION PRACTICES,ACRES,250400
SURVEY,1994,COTTON,PIMA,AREA PLANTED,ALL UTILIZATION PRACTICES,ACRES,168500
SURVEY,2011,COTTON,PIMA,AREA PLANTED,ALL UTILIZATION PRACTICES,ACRES,307400
SURVEY,2012,COTTON,PIMA,AREA PLANTED,ALL UTILIZATION PRACTICES,ACRES,238400
SURVEY,1990,COTTON,PIMA,AREA PLANTED,ALL UTILIZATION PRACTICES,ACRES,231300
SURVEY,2013,COTTON,PIMA,AREA PLANTED,ALL UTILIZATION PRACTICES,ACRES,201000
SURVEY,2014,COTTON,PIMA,AREA PLANTED,ALL UTILIZATION PRACTICES,ACRES,192400
SURVEY,2015,COTTON,PIMA,AREA PLANTED,ALL UTILIZATION PRACTICES,ACRES,158500
SURVEY,2016,COTTON,PIMA,AREA PLANTED,ALL UTILIZATION PRACTICES,ACRES,194500
SURVEY,2017,COTTON,PIMA,AREA PLANTED,ALL UTILIZATION PRACTICES,ACRES,252500
SURVEY,2018,COTTON,PIMA,AREA PLANTED,ALL UTILIZATION PRACTICES,ACRES,250300
SURVEY,2019,COTTON,PIMA,AREA PLANTED,ALL UTILIZATION PRACTICES,ACRES,229800
SURVEY,2020,COTTON,PIMA,AREA PLANTED,ALL UTILIZATION PRACTICES,ACRES,228000
SURVEY,2002,COTTON,PIMA,PRODUCTION,ALL UTILIZATION PRACTICES,480 LB BALES,678300
SURVEY,1997,COTTON,PIMA,PRODUCTION,ALL UTILIZATION PRACTICES,480 LB BALES,548000
SURVEY,2007,COTTON,PIMA,PRODUCTION,ALL UTILIZATION PRACTICES,480 LB BALES,851800
SURVEY,2009,COTTON,PIMA,PRODUCTION,ALL UTILIZATION PRACTICES,480 LB BALES,400400
SURVEY,2010,COTTON,PIMA,PRODUCTION,ALL UTILIZATION PRACTICES,480 LB BALES,503800
SURVEY,2006,COTTON,PIMA,PRODUCTION,ALL UTILIZATION PRACTICES,480 LB BALES,765400
SURVEY,1995,COTTON,PIMA,PRODUCTION,ALL UTILIZATION PRACTICES,480 LB BALES,367600
SURVEY,1996,COTTON,PIMA,PRODUCTION,ALL UTILIZATION PRACTICES,480 LB BALES,528500
SURVEY,1998,COTTON,PIMA,PRODUCTION,ALL UTILIZATION PRACTICES,480 LB BALES,442300
SURVEY,1999,COTTON,PIMA,PRODUCTION,ALL UTILIZATION PRACTICES,480 LB BALES,674300
SURVEY,2001,COTTON,PIMA,PRODUCTION,ALL UTILIZATION PRACTICES,480 LB BALES,700400
SURVEY,2005,COTTON,PIMA,PRODUCTION,ALL UTILIZATION PRACTICES,480 LB BALES,630500
SURVEY,2000,COTTON,PIMA,PRODUCTION,ALL UTILIZATION PRACTICES,480 LB BALES,389100
SURVEY,1993,COTTON,PIMA,PRODUCTION,ALL UTILIZATION PRACTICES,480 LB BALES,369300
SURVEY,1992,COTTON,PIMA,PRODUCTION,ALL UTILIZATION PRACTICES,480 LB BALES,508300
SURVEY,2004,COTTON,PIMA,PRODUCTION,ALL UTILIZATION PRACTICES,480 LB BALES,745600
SURVEY,2003,COTTON,PIMA,PRODUCTION,ALL UTILIZATION PRACTICES,480 LB BALES,432300
SURVEY,2008,COTTON,PIMA,PRODUCTION,ALL UTILIZATION PRACTICES,480 LB BALES,430900
SURVEY,1991,COTTON,PIMA,PRODUCTION,ALL UTILIZATION PRACTICES,480 LB BALES,398400
SURVEY,1994,COTTON,PIMA,PRODUCTION,ALL UTILIZATION PRACTICES,480 LB BALES,337700
SURVEY,2011,COTTON,PIMA,PRODUCTION,ALL UTILIZATION PRACTICES,480 LB BALES,851200
SURVEY,2012,COTTON,PIMA,PRODUCTION,ALL UTILIZATION PRACTICES,480 LB BALES,779800
SURVEY,1990,COTTON,PIMA,PRODUCTION,ALL UTILIZATION PRACTICES,480 LB BALES,358500
SURVEY,2013,COTTON,PIMA,PRODUCTION,ALL UTILIZATION PRACTICES,480 LB BALES,634200
SURVEY,2014,COTTON,PIMA,PRODUCTION,ALL UTILIZATION PRACTICES,480 LB BALES,566400
SURVEY,2015,COTTON,PIMA,PRODUCTION,ALL UTILIZATION PRACTICES,480 LB BALES,433000
SURVEY,2016,COTTON,PIMA,PRODUCTION,ALL UTILIZATION PRACTICES,480 LB BALES,568900
SURVEY,2017,COTTON,PIMA,PRODUCTION,ALL UTILIZATION PRACTICES,480 LB BALES,699500
SURVEY,2018,COTTON,PIMA,PRODUCTION,ALL UTILIZATION PRACTICES,480 LB BALES,801000
SURVEY,2019,COTTON,PIMA,PRODUCTION,ALL UTILIZATION PRACTICES,480 LB BALES,722000
SURVEY,2002,COTTON,UPLAND,AREA HARVESTED,ALL UTILIZATION PRACTICES,ACRES,12174000
SURVEY,1997,COTTON,UPLAND,AREA HARVESTED,ALL UTILIZATION PRACTICES,ACRES,13157000
SURVEY,2007,COTTON,UPLAND,AREA HARVESTED,ALL UTILIZATION PRACTICES,ACRES,10201000
SURVEY,2009,COTTON,UPLAND,AREA HARVESTED,ALL UTILIZATION PRACTICES,ACRES,7395500
SURVEY,2010,COTTON,UPLAND,AREA HARVESTED,ALL UTILIZATION PRACTICES,ACRES,10497000
SURVEY,2006,COTTON,UPLAND,AREA HARVESTED,ALL UTILIZATION PRACTICES,ACRES,12408000
SURVEY,1995,COTTON,UPLAND,AREA HARVESTED,ALL UTILIZATION PRACTICES,ACRES,15795600
SURVEY,1996,COTTON,UPLAND,AREA HARVESTED,ALL UTILIZATION PRACTICES,ACRES,12632200
SURVEY,1998,COTTON,UPLAND,AREA HARVESTED,ALL UTILIZATION PRACTICES,ACRES,10448800
SURVEY,1999,COTTON,UPLAND,AREA HARVESTED,ALL UTILIZATION PRACTICES,ACRES,13138000
SURVEY,2001,COTTON,UPLAND,AREA HARVESTED,ALL UTILIZATION PRACTICES,ACRES,13559500
SURVEY,2005,COTTON,UPLAND,AREA HARVESTED,ALL UTILIZATION PRACTICES,ACRES,13534000
SURVEY,2000,COTTON,UPLAND,AREA HARVESTED,ALL UTILIZATION PRACTICES,ACRES,12884000
SURVEY,1993,COTTON,UPLAND,AREA HARVESTED,ALL UTILIZATION PRACTICES,ACRES,12594400
SURVEY,1992,COTTON,UPLAND,AREA HARVESTED,ALL UTILIZATION PRACTICES,ACRES,10863100
SURVEY,2004,COTTON,UPLAND,AREA HARVESTED,ALL UTILIZATION PRACTICES,ACRES,12809000
SURVEY,2003,COTTON,UPLAND,AREA HARVESTED,ALL UTILIZATION PRACTICES,ACRES,11826000
SURVEY,2008,COTTON,UPLAND,AREA HARVESTED,ALL UTILIZATION PRACTICES,ACRES,7400000
SURVEY,1991,COTTON,UPLAND,AREA HARVESTED,ALL UTILIZATION PRACTICES,ACRES,12715500
SURVEY,1994,COTTON,UPLAND,AREA HARVESTED,ALL UTILIZATION PRACTICES,ACRES,13155900
SURVEY,2011,COTTON,UPLAND,AREA HARVESTED,ALL UTILIZATION PRACTICES,ACRES,9156000
SURVEY,2012,COTTON,UPLAND,AREA HARVESTED,ALL UTILIZATION PRACTICES,ACRES,9085000
SURVEY,1990,COTTON,UPLAND,AREA HARVESTED,ALL UTILIZATION PRACTICES,ACRES,11504500
SURVEY,2013,COTTON,UPLAND,AREA HARVESTED,ALL UTILIZATION PRACTICES,ACRES,7340000
SURVEY,2014,COTTON,UPLAND,AREA HARVESTED,ALL UTILIZATION PRACTICES,ACRES,9162000
SURVEY,2015,COTTON,UPLAND,AREA HARVESTED,ALL UTILIZATION PRACTICES,ACRES,7920000
SURVEY,2016,COTTON,UPLAND,AREA HARVESTED,ALL UTILIZATION PRACTICES,ACRES,9320000
SURVEY,2017,COTTON,UPLAND,AREA HARVESTED,ALL UTILIZATION PRACTICES,ACRES,10850000
SURVEY,2018,COTTON,UPLAND,AREA HARVESTED,ALL UTILIZATION PRACTICES,ACRES,9957000
SURVEY,2019,COTTON,UPLAND,AREA HARVESTED,ALL UTILIZATION PRACTICES,ACRES,11580000
SURVEY,2002,COTTON,UPLAND,AREA PLANTED,ALL UTILIZATION PRACTICES,ACRES,13714000
SURVEY,1997,COTTON,UPLAND,AREA PLANTED,ALL UTILIZATION PRACTICES,ACRES,13648000
SURVEY,2007,COTTON,UPLAND,AREA PLANTED,ALL UTILIZATION PRACTICES,ACRES,10535000
SURVEY,2009,COTTON,UPLAND,AREA PLANTED,ALL UTILIZATION PRACTICES,ACRES,9008100
SURVEY,2010,COTTON,UPLAND,AREA PLANTED,ALL UTILIZATION PRACTICES,ACRES,10770000
SURVEY,2006,COTTON,UPLAND,AREA PLANTED,ALL UTILIZATION PRACTICES,ACRES,14948000
SURVEY,1995,COTTON,UPLAND,AREA PLANTED,ALL UTILIZATION PRACTICES,ACRES,16716800
SURVEY,1996,COTTON,UPLAND,AREA PLANTED,ALL UTILIZATION PRACTICES,ACRES,14394500
SURVEY,1998,COTTON,UPLAND,AREA PLANTED,ALL UTILIZATION PRACTICES,ACRES,13064300
SURVEY,1999,COTTON,UPLAND,AREA PLANTED,ALL UTILIZATION PRACTICES,ACRES,14584000
SURVEY,2001,COTTON,UPLAND,AREA PLANTED,ALL UTILIZATION PRACTICES,ACRES,15498500
SURVEY,2005,COTTON,UPLAND,AREA PLANTED,ALL UTILIZATION PRACTICES,ACRES,13975000
SURVEY,2000,COTTON,UPLAND,AREA PLANTED,ALL UTILIZATION PRACTICES,ACRES,15347000
SURVEY,1993,COTTON,UPLAND,AREA PLANTED,ALL UTILIZATION PRACTICES,ACRES,13248300
SURVEY,1992,COTTON,UPLAND,AREA PLANTED,ALL UTILIZATION PRACTICES,ACRES,12976600
SURVEY,2004,COTTON,UPLAND,AREA PLANTED,ALL UTILIZATION PRACTICES,ACRES,13409000
SURVEY,2003,COTTON,UPLAND,AREA PLANTED,ALL UTILIZATION PRACTICES,ACRES,13301000
SURVEY,2008,COTTON,UPLAND,AREA PLANTED,ALL UTILIZATION PRACTICES,ACRES,9297000
SURVEY,1991,COTTON,UPLAND,AREA PLANTED,ALL UTILIZATION PRACTICES,ACRES,13801700
SURVEY,1994,COTTON,UPLAND,AREA PLANTED,ALL UTILIZATION PRACTICES,ACRES,13551600
SURVEY,2011,COTTON,UPLAND,AREA PLANTED,ALL UTILIZATION PRACTICES,ACRES,14428000
SURVEY,2012,COTTON,UPLAND,AREA PLANTED,ALL UTILIZATION PRACTICES,ACRES,12026000
SURVEY,1990,COTTON,UPLAND,AREA PLANTED,ALL UTILIZATION PRACTICES,ACRES,12116800
SURVEY,2013,COTTON,UPLAND,AREA PLANTED,ALL UTILIZATION PRACTICES,ACRES,10206000
SURVEY,2014,COTTON,UPLAND,AREA PLANTED,ALL UTILIZATION PRACTICES,ACRES,10956000
SURVEY,2015,COTTON,UPLAND,AREA PLANTED,ALL UTILIZATION PRACTICES,ACRES,8422000
SURVEY,2016,COTTON,UPLAND,AREA PLANTED,ALL UTILIZATION PRACTICES,ACRES,9879000
SURVEY,2017,COTTON,UPLAND,AREA PLANTED,ALL UTILIZATION PRACTICES,ACRES,12465000
SURVEY,2018,COTTON,UPLAND,AREA PLANTED,ALL UTILIZATION PRACTICES,ACRES,13850000
SURVEY,2019,COTTON,UPLAND,AREA PLANTED,ALL UTILIZATION PRACTICES,ACRES,13508000
SURVEY,2020,COTTON,UPLAND,AREA PLANTED,ALL UTILIZATION PRACTICES,ACRES,13475000
SURVEY,2002,COTTON,UPLAND,PRODUCTION,ALL UTILIZATION PRACTICES,480 LB BALES,16530300
SURVEY,1997,COTTON,UPLAND,PRODUCTION,ALL UTILIZATION PRACTICES,480 LB BALES,18245000
SURVEY,2007,COTTON,UPLAND,PRODUCTION,ALL UTILIZATION PRACTICES,480 LB BALES,18355100
SURVEY,2009,COTTON,UPLAND,PRODUCTION,ALL UTILIZATION PRACTICES,480 LB BALES,11782600
SURVEY,2010,COTTON,UPLAND,PRODUCTION,ALL UTILIZATION PRACTICES,480 LB BALES,17598000
SURVEY,2006,COTTON,UPLAND,PRODUCTION,ALL UTILIZATION PRACTICES,480 LB BALES,20822400
SURVEY,1995,COTTON,UPLAND,PRODUCTION,ALL UTILIZATION PRACTICES,480 LB BALES,17532200
SURVEY,1996,COTTON,UPLAND,PRODUCTION,ALL UTILIZATION PRACTICES,480 LB BALES,18413500
SURVEY,1998,COTTON,UPLAND,PRODUCTION,ALL UTILIZATION PRACTICES,480 LB BALES,13475900
SURVEY,1999,COTTON,UPLAND,PRODUCTION,ALL UTILIZATION PRACTICES,480 LB BALES,16293700
SURVEY,2001,COTTON,UPLAND,PRODUCTION,ALL UTILIZATION PRACTICES,480 LB BALES,19602400
SURVEY,2005,COTTON,UPLAND,PRODUCTION,ALL UTILIZATION PRACTICES,480 LB BALES,23259700
SURVEY,2000,COTTON,UPLAND,PRODUCTION,ALL UTILIZATION PRACTICES,480 LB BALES,16799200
SURVEY,1993,COTTON,UPLAND,PRODUCTION,ALL UTILIZATION PRACTICES,480 LB BALES,15764300
SURVEY,1992,COTTON,UPLAND,PRODUCTION,ALL UTILIZATION PRACTICES,480 LB BALES,15710200
SURVEY,2004,COTTON,UPLAND,PRODUCTION,ALL UTILIZATION PRACTICES,480 LB BALES,22505100
SURVEY,2003,COTTON,UPLAND,PRODUCTION,ALL UTILIZATION PRACTICES,480 LB BALES,17822900
SURVEY,2008,COTTON,UPLAND,PRODUCTION,ALL UTILIZATION PRACTICES,480 LB BALES,12394500
SURVEY,1991,COTTON,UPLAND,PRODUCTION,ALL UTILIZATION PRACTICES,480 LB BALES,17215900
SURVEY,1994,COTTON,UPLAND,PRODUCTION,ALL UTILIZATION PRACTICES,480 LB BALES,19324300
SURVEY,2011,COTTON,UPLAND,PRODUCTION,ALL UTILIZATION PRACTICES,480 LB BALES,14722000
SURVEY,2012,COTTON,UPLAND,PRODUCTION,ALL UTILIZATION PRACTICES,480 LB BALES,16534000
SURVEY,1990,COTTON,UPLAND,PRODUCTION,ALL UTILIZATION PRACTICES,480 LB BALES,15146900
SURVEY,2013,COTTON,UPLAND,PRODUCTION,ALL UTILIZATION PRACTICES,480 LB BALES,12275000
SURVEY,2014,COTTON,UPLAND,PRODUCTION,ALL UTILIZATION PRACTICES,480 LB BALES,15753000
SURVEY,2015,COTTON,UPLAND,PRODUCTION,ALL UTILIZATION PRACTICES,480 LB BALES,12455000
SURVEY,2016,COTTON,UPLAND,PRODUCTION,ALL UTILIZATION PRACTICES,480 LB BALES,16601000
SURVEY,2017,COTTON,UPLAND,PRODUCTION,ALL UTILIZATION PRACTICES,480 LB BALES,20223000
SURVEY,2018,COTTON,UPLAND,PRODUCTION,ALL UTILIZATION PRACTICES,480 LB BALES,17566000
SURVEY,2019,COTTON,UPLAND,PRODUCTION,ALL UTILIZATION PRACTICES,480 LB BALES,19380000
SURVEY,2002,RICE,ALL CLASSES,AREA HARVESTED,ALL UTILIZATION PRACTICES,ACRES,3207000
SURVEY,1997,RICE,ALL CLASSES,AREA HARVESTED,ALL UTILIZATION PRACTICES,ACRES,3103000
SURVEY,2007,RICE,ALL CLASSES,AREA HARVESTED,ALL UTILIZATION PRACTICES,ACRES,2748000
SURVEY,2009,RICE,ALL CLASSES,AREA HARVESTED,ALL UTILIZATION PRACTICES,ACRES,3103000
SURVEY,2010,RICE,ALL CLASSES,AREA HARVESTED,ALL UTILIZATION PRACTICES,ACRES,3615000
SURVEY,2006,RICE,ALL CLASSES,AREA HARVESTED,ALL UTILIZATION PRACTICES,ACRES,2821000
SURVEY,1995,RICE,ALL CLASSES,AREA HARVESTED,ALL UTILIZATION PRACTICES,ACRES,3093000
SURVEY,1996,RICE,ALL CLASSES,AREA HARVESTED,ALL UTILIZATION PRACTICES,ACRES,2804000
SURVEY,1998,RICE,ALL CLASSES,AREA HARVESTED,ALL UTILIZATION PRACTICES,ACRES,3257000
SURVEY,1999,RICE,ALL CLASSES,AREA HARVESTED,ALL UTILIZATION PRACTICES,ACRES,3512000
SURVEY,2001,RICE,ALL CLASSES,AREA HARVESTED,ALL UTILIZATION PRACTICES,ACRES,3314000
SURVEY,2005,RICE,ALL CLASSES,AREA HARVESTED,ALL UTILIZATION PRACTICES,ACRES,3364000
SURVEY,2000,RICE,ALL CLASSES,AREA HARVESTED,ALL UTILIZATION PRACTICES,ACRES,3039000
SURVEY,1993,RICE,ALL CLASSES,AREA HARVESTED,ALL UTILIZATION PRACTICES,ACRES,2833000
SURVEY,1992,RICE,ALL CLASSES,AREA HARVESTED,ALL UTILIZATION PRACTICES,ACRES,3132000
SURVEY,2004,RICE,ALL CLASSES,AREA HARVESTED,ALL UTILIZATION PRACTICES,ACRES,3325000
SURVEY,2003,RICE,ALL CLASSES,AREA HARVESTED,ALL UTILIZATION PRACTICES,ACRES,2997000
SURVEY,2008,RICE,ALL CLASSES,AREA HARVESTED,ALL UTILIZATION PRACTICES,ACRES,2976000
SURVEY,1991,RICE,ALL CLASSES,AREA HARVESTED,ALL UTILIZATION PRACTICES,ACRES,2781000
SURVEY,1994,RICE,ALL CLASSES,AREA HARVESTED,ALL UTILIZATION PRACTICES,ACRES,3316000
SURVEY,2011,RICE,ALL CLASSES,AREA HARVESTED,ALL UTILIZATION PRACTICES,ACRES,2617000
SURVEY,2012,RICE,ALL CLASSES,AREA HARVESTED,ALL UTILIZATION PRACTICES,ACRES,2679000
SURVEY,1990,RICE,ALL CLASSES,AREA HARVESTED,ALL UTILIZATION PRACTICES,ACRES,2823000
SURVEY,2013,RICE,ALL CLASSES,AREA HARVESTED,ALL UTILIZATION PRACTICES,ACRES,2463000
SURVEY,2014,RICE,ALL CLASSES,AREA HARVESTED,ALL UTILIZATION PRACTICES,ACRES,2933000
SURVEY,2015,RICE,ALL CLASSES,AREA HARVESTED,ALL UTILIZATION PRACTICES,ACRES,2584000
SURVEY,2016,RICE,ALL CLASSES,AREA HARVESTED,ALL UTILIZATION PRACTICES,ACRES,3097000
SURVEY,2017,RICE,ALL CLASSES,AREA HARVESTED,ALL UTILIZATION PRACTICES,ACRES,2374000
SURVEY,2018,RICE,ALL CLASSES,AREA HARVESTED,ALL UTILIZATION PRACTICES,ACRES,2910000
SURVEY,2019,RICE,ALL CLASSES,AREA HARVESTED,ALL UTILIZATION PRACTICES,ACRES,2472000
SURVEY,2002,RICE,ALL CLASSES,AREA PLANTED,ALL UTILIZATION PRACTICES,ACRES,3240000
SURVEY,1997,RICE,ALL CLASSES,AREA PLANTED,ALL UTILIZATION PRACTICES,ACRES,3125000
SURVEY,2007,RICE,ALL CLASSES,AREA PLANTED,ALL UTILIZATION PRACTICES,ACRES,2761000
SURVEY,2009,RICE,ALL CLASSES,AREA PLANTED,ALL UTILIZATION PRACTICES,ACRES,3135000
SURVEY,2010,RICE,ALL CLASSES,AREA PLANTED,ALL UTILIZATION PRACTICES,ACRES,3636000
SURVEY,2006,RICE,ALL CLASSES,AREA PLANTED,ALL UTILIZATION PRACTICES,ACRES,2838000
SURVEY,1995,RICE,ALL CLASSES,AREA PLANTED,ALL UTILIZATION PRACTICES,ACRES,3121000
SURVEY,1996,RICE,ALL CLASSES,AREA PLANTED,ALL UTILIZATION PRACTICES,ACRES,2824000
SURVEY,1998,RICE,ALL CLASSES,AREA PLANTED,ALL UTILIZATION PRACTICES,ACRES,3285000
SURVEY,1999,RICE,ALL CLASSES,AREA PLANTED,ALL UTILIZATION PRACTICES,ACRES,3531000
SURVEY,2001,RICE,ALL CLASSES,AREA PLANTED,ALL UTILIZATION PRACTICES,ACRES,3334000
SURVEY,2005,RICE,ALL CLASSES,AREA PLANTED,ALL UTILIZATION PRACTICES,ACRES,3384000
SURVEY,2000,RICE,ALL CLASSES,AREA PLANTED,ALL UTILIZATION PRACTICES,ACRES,3060000
SURVEY,1993,RICE,ALL CLASSES,AREA PLANTED,ALL UTILIZATION PRACTICES,ACRES,2920000
SURVEY,1992,RICE,ALL CLASSES,AREA PLANTED,ALL UTILIZATION PRACTICES,ACRES,3176000
SURVEY,2004,RICE,ALL CLASSES,AREA PLANTED,ALL UTILIZATION PRACTICES,ACRES,3347000
SURVEY,2003,RICE,ALL CLASSES,AREA PLANTED,ALL UTILIZATION PRACTICES,ACRES,3022000
SURVEY,2008,RICE,ALL CLASSES,AREA PLANTED,ALL UTILIZATION PRACTICES,ACRES,2995000
SURVEY,1991,RICE,ALL CLASSES,AREA PLANTED,ALL UTILIZATION PRACTICES,ACRES,2884000
SURVEY,1994,RICE,ALL CLASSES,AREA PLANTED,ALL UTILIZATION PRACTICES,ACRES,3353000
SURVEY,2011,RICE,ALL CLASSES,AREA PLANTED,ALL UTILIZATION PRACTICES,ACRES,2689000
SURVEY,2012,RICE,ALL CLASSES,AREA PLANTED,ALL UTILIZATION PRACTICES,ACRES,2700000
SURVEY,1990,RICE,ALL CLASSES,AREA PLANTED,ALL UTILIZATION PRACTICES,ACRES,2897000
SURVEY,2013,RICE,ALL CLASSES,AREA PLANTED,ALL UTILIZATION PRACTICES,ACRES,2490000
SURVEY,2014,RICE,ALL CLASSES,AREA PLANTED,ALL UTILIZATION PRACTICES,ACRES,2954000
SURVEY,2015,RICE,ALL CLASSES,AREA PLANTED,ALL UTILIZATION PRACTICES,ACRES,2625000
SURVEY,2016,RICE,ALL CLASSES,AREA PLANTED,ALL UTILIZATION PRACTICES,ACRES,3150000
SURVEY,2017,RICE,ALL CLASSES,AREA PLANTED,ALL UTILIZATION PRACTICES,ACRES,2463000
SURVEY,2018,RICE,ALL CLASSES,AREA PLANTED,ALL UTILIZATION PRACTICES,ACRES,2946000
SURVEY,2019,RICE,ALL CLASSES,AREA PLANTED,ALL UTILIZATION PRACTICES,ACRES,2540000
SURVEY,2020,RICE,ALL CLASSES,AREA PLANTED,ALL UTILIZATION PRACTICES,ACRES,2847000
SURVEY,2002,RICE,ALL CLASSES,PRODUCTION,ALL UTILIZATION PRACTICES,CWT,210960000
SURVEY,1997,RICE,ALL CLASSES,PRODUCTION,ALL UTILIZATION PRACTICES,CWT,182992000
SURVEY,2007,RICE,ALL CLASSES,PRODUCTION,ALL UTILIZATION PRACTICES,CWT,198388000
SURVEY,2009,RICE,ALL CLASSES,PRODUCTION,ALL UTILIZATION PRACTICES,CWT,219850000
SURVEY,2010,RICE,ALL CLASSES,PRODUCTION,ALL UTILIZATION PRACTICES,CWT,243104000
SURVEY,2006,RICE,ALL CLASSES,PRODUCTION,ALL UTILIZATION PRACTICES,CWT,194585000
SURVEY,1995,RICE,ALL CLASSES,PRODUCTION,ALL UTILIZATION PRACTICES,CWT,173871000
SURVEY,1996,RICE,ALL CLASSES,PRODUCTION,ALL UTILIZATION PRACTICES,CWT,171599000
SURVEY,1998,RICE,ALL CLASSES,PRODUCTION,ALL UTILIZATION PRACTICES,CWT,184443000
SURVEY,1999,RICE,ALL CLASSES,PRODUCTION,ALL UTILIZATION PRACTICES,CWT,206027000
SURVEY,2001,RICE,ALL CLASSES,PRODUCTION,ALL UTILIZATION PRACTICES,CWT,215270000
SURVEY,2005,RICE,ALL CLASSES,PRODUCTION,ALL UTILIZATION PRACTICES,CWT,222833000
SURVEY,2000,RICE,ALL CLASSES,PRODUCTION,ALL UTILIZATION PRACTICES,CWT,190872000
SURVEY,1993,RICE,ALL CLASSES,PRODUCTION,ALL UTILIZATION PRACTICES,CWT,156110000
SURVEY,1992,RICE,ALL CLASSES,PRODUCTION,ALL UTILIZATION PRACTICES,CWT,179658000
SURVEY,2004,RICE,ALL CLASSES,PRODUCTION,ALL UTILIZATION PRACTICES,CWT,232362000
SURVEY,2003,RICE,ALL CLASSES,PRODUCTION,ALL UTILIZATION PRACTICES,CWT,199897000
SURVEY,2008,RICE,ALL CLASSES,PRODUCTION,ALL UTILIZATION PRACTICES,CWT,203733000
SURVEY,1991,RICE,ALL CLASSES,PRODUCTION,ALL UTILIZATION PRACTICES,CWT,159367000
SURVEY,1994,RICE,ALL CLASSES,PRODUCTION,ALL UTILIZATION PRACTICES,CWT,197779000
SURVEY,2011,RICE,ALL CLASSES,PRODUCTION,ALL UTILIZATION PRACTICES,CWT,184941000
SURVEY,2012,RICE,ALL CLASSES,PRODUCTION,ALL UTILIZATION PRACTICES,CWT,199939000
SURVEY,1990,RICE,ALL CLASSES,PRODUCTION,ALL UTILIZATION PRACTICES,CWT,156088000
SURVEY,2013,RICE,ALL CLASSES,PRODUCTION,ALL UTILIZATION PRACTICES,CWT,189500000
SURVEY,2014,RICE,ALL CLASSES,PRODUCTION,ALL UTILIZATION PRACTICES,CWT,222215000
SURVEY,2015,RICE,ALL CLASSES,PRODUCTION,ALL UTILIZATION PRACTICES,CWT,193080000
SURVEY,2016,RICE,ALL CLASSES,PRODUCTION,ALL UTILIZATION PRACTICES,CWT,224145000
SURVEY,2017,RICE,ALL CLASSES,PRODUCTION,ALL UTILIZATION PRACTICES,CWT,178228000
SURVEY,2018,RICE,ALL CLASSES,PRODUCTION,ALL UTILIZATION PRACTICES,CWT,223833000
SURVEY,2019,RICE,ALL CLASSES,PRODUCTION,ALL UTILIZATION PRACTICES,CWT,184675000
SURVEY,2002,SOYBEANS,ALL CLASSES,AREA HARVESTED,ALL UTILIZATION PRACTICES,ACRES,72497000
SURVEY,1997,SOYBEANS,ALL CLASSES,AREA HARVESTED,ALL UTILIZATION PRACTICES,ACRES,69110000
SURVEY,2007,SOYBEANS,ALL CLASSES,AREA HARVESTED,ALL UTILIZATION PRACTICES,ACRES,64146000
SURVEY,2009,SOYBEANS,ALL CLASSES,AREA HARVESTED,ALL UTILIZATION PRACTICES,ACRES,76372000
SURVEY,2010,SOYBEANS,ALL CLASSES,AREA HARVESTED,ALL UTILIZATION PRACTICES,ACRES,76610000
SURVEY,2006,SOYBEANS,ALL CLASSES,AREA HARVESTED,ALL UTILIZATION PRACTICES,ACRES,74602000
SURVEY,1995,SOYBEANS,ALL CLASSES,AREA HARVESTED,ALL UTILIZATION PRACTICES,ACRES,61544000
SURVEY,1996,SOYBEANS,ALL CLASSES,AREA HARVESTED,ALL UTILIZATION PRACTICES,ACRES,63349000
SURVEY,1998,SOYBEANS,ALL CLASSES,AREA HARVESTED,ALL UTILIZATION PRACTICES,ACRES,70441000
SURVEY,1999,SOYBEANS,ALL CLASSES,AREA HARVESTED,ALL UTILIZATION PRACTICES,ACRES,72446000
SURVEY,2001,SOYBEANS,ALL CLASSES,AREA HARVESTED,ALL UTILIZATION PRACTICES,ACRES,72975000
SURVEY,2005,SOYBEANS,ALL CLASSES,AREA HARVESTED,ALL UTILIZATION PRACTICES,ACRES,71251000
SURVEY,2000,SOYBEANS,ALL CLASSES,AREA HARVESTED,ALL UTILIZATION PRACTICES,ACRES,72408000
SURVEY,1993,SOYBEANS,ALL CLASSES,AREA HARVESTED,ALL UTILIZATION PRACTICES,ACRES,57307000
SURVEY,1992,SOYBEANS,ALL CLASSES,AREA HARVESTED,ALL UTILIZATION PRACTICES,ACRES,58233000
SURVEY,2004,SOYBEANS,ALL CLASSES,AREA HARVESTED,ALL UTILIZATION PRACTICES,ACRES,73958000
SURVEY,2003,SOYBEANS,ALL CLASSES,AREA HARVESTED,ALL UTILIZATION PRACTICES,ACRES,72476000
SURVEY,2008,SOYBEANS,ALL CLASSES,AREA HARVESTED,ALL UTILIZATION PRACTICES,ACRES,74681000
SURVEY,1991,SOYBEANS,ALL CLASSES,AREA HARVESTED,ALL UTILIZATION PRACTICES,ACRES,58011000
SURVEY,1994,SOYBEANS,ALL CLASSES,AREA HARVESTED,ALL UTILIZATION PRACTICES,ACRES,60809000
SURVEY,2011,SOYBEANS,ALL CLASSES,AREA HARVESTED,ALL UTILIZATION PRACTICES,ACRES,73776000
SURVEY,2012,SOYBEANS,ALL CLASSES,AREA HARVESTED,ALL UTILIZATION PRACTICES,ACRES,76144000
SURVEY,1990,SOYBEANS,ALL CLASSES,AREA HARVESTED,ALL UTILIZATION PRACTICES,ACRES,56512000
SURVEY,2013,SOYBEANS,ALL CLASSES,AREA HARVESTED,ALL UTILIZATION PRACTICES,ACRES,76233000
SURVEY,2014,SOYBEANS,ALL CLASSES,AREA HARVESTED,ALL UTILIZATION PRACTICES,ACRES,82611000
SURVEY,2015,SOYBEANS,ALL CLASSES,AREA HARVESTED,ALL UTILIZATION PRACTICES,ACRES,81742000
SURVEY,2016,SOYBEANS,ALL CLASSES,AREA HARVESTED,ALL UTILIZATION PRACTICES,ACRES,82706000
SURVEY,2017,SOYBEANS,ALL CLASSES,AREA HARVESTED,ALL UTILIZATION PRACTICES,ACRES,89542000
SURVEY,2018,SOYBEANS,ALL CLASSES,AREA HARVESTED,ALL UTILIZATION PRACTICES,ACRES,87594000
SURVEY,2019,SOYBEANS,ALL CLASSES,AREA HARVESTED,ALL UTILIZATION PRACTICES,ACRES,75021000
SURVEY,2002,SOYBEANS,ALL CLASSES,AREA PLANTED,ALL UTILIZATION PRACTICES,ACRES,73963000
SURVEY,1997,SOYBEANS,ALL CLASSES,AREA PLANTED,ALL UTILIZATION PRACTICES,ACRES,70005000
SURVEY,2007,SOYBEANS,ALL CLASSES,AREA PLANTED,ALL UTILIZATION PRACTICES,ACRES,64741000
SURVEY,2009,SOYBEANS,ALL CLASSES,AREA PLANTED,ALL UTILIZATION PRACTICES,ACRES,77451000
SURVEY,2010,SOYBEANS,ALL CLASSES,AREA PLANTED,ALL UTILIZATION PRACTICES,ACRES,77404000
SURVEY,2006,SOYBEANS,ALL CLASSES,AREA PLANTED,ALL UTILIZATION PRACTICES,ACRES,75522000
SURVEY,1995,SOYBEANS,ALL CLASSES,AREA PLANTED,ALL UTILIZATION PRACTICES,ACRES,62495000
SURVEY,1996,SOYBEANS,ALL CLASSES,AREA PLANTED,ALL UTILIZATION PRACTICES,ACRES,64195000
SURVEY,1998,SOYBEANS,ALL CLASSES,AREA PLANTED,ALL UTILIZATION PRACTICES,ACRES,72025000
SURVEY,1999,SOYBEANS,ALL CLASSES,AREA PLANTED,ALL UTILIZATION PRACTICES,ACRES,73730000
SURVEY,2001,SOYBEANS,ALL CLASSES,AREA PLANTED,ALL UTILIZATION PRACTICES,ACRES,74075000
SURVEY,2005,SOYBEANS,ALL CLASSES,AREA PLANTED,ALL UTILIZATION PRACTICES,ACRES,72032000
SURVEY,2000,SOYBEANS,ALL CLASSES,AREA PLANTED,ALL UTILIZATION PRACTICES,ACRES,74266000
SURVEY,1993,SOYBEANS,ALL CLASSES,AREA PLANTED,ALL UTILIZATION PRACTICES,ACRES,60085000
SURVEY,1992,SOYBEANS,ALL CLASSES,AREA PLANTED,ALL UTILIZATION PRACTICES,ACRES,59180000
SURVEY,2004,SOYBEANS,ALL CLASSES,AREA PLANTED,ALL UTILIZATION PRACTICES,ACRES,75208000
SURVEY,2003,SOYBEANS,ALL CLASSES,AREA PLANTED,ALL UTILIZATION PRACTICES,ACRES,73404000
SURVEY,2008,SOYBEANS,ALL CLASSES,AREA PLANTED,ALL UTILIZATION PRACTICES,ACRES,75718000
SURVEY,1991,SOYBEANS,ALL CLASSES,AREA PLANTED,ALL UTILIZATION PRACTICES,ACRES,59180000
SURVEY,1994,SOYBEANS,ALL CLASSES,AREA PLANTED,ALL UTILIZATION PRACTICES,ACRES,61620000
SURVEY,2011,SOYBEANS,ALL CLASSES,AREA PLANTED,ALL UTILIZATION PRACTICES,ACRES,75046000
SURVEY,2012,SOYBEANS,ALL CLASSES,AREA PLANTED,ALL UTILIZATION PRACTICES,ACRES,77198000
SURVEY,1990,SOYBEANS,ALL CLASSES,AREA PLANTED,ALL UTILIZATION PRACTICES,ACRES,57795000
SURVEY,2013,SOYBEANS,ALL CLASSES,AREA PLANTED,ALL UTILIZATION PRACTICES,ACRES,76820000
SURVEY,2014,SOYBEANS,ALL CLASSES,AREA PLANTED,ALL UTILIZATION PRACTICES,ACRES,83296000
SURVEY,2015,SOYBEANS,ALL CLASSES,AREA PLANTED,ALL UTILIZATION PRACTICES,ACRES,82660000
SURVEY,2016,SOYBEANS,ALL CLASSES,AREA PLANTED,ALL UTILIZATION PRACTICES,ACRES,83453000
SURVEY,2017,SOYBEANS,ALL CLASSES,AREA PLANTED,ALL UTILIZATION PRACTICES,ACRES,90162000
SURVEY,2018,SOYBEANS,ALL CLASSES,AREA PLANTED,ALL UTILIZATION PRACTICES,ACRES,89167000
SURVEY,2019,SOYBEANS,ALL CLASSES,AREA PLANTED,ALL UTILIZATION PRACTICES,ACRES,76100000
SURVEY,2020,SOYBEANS,ALL CLASSES,AREA PLANTED,ALL UTILIZATION PRACTICES,ACRES,83510000
SURVEY,2002,SOYBEANS,ALL CLASSES,PRODUCTION,ALL UTILIZATION PRACTICES,BU,2756147000
SURVEY,1997,SOYBEANS,ALL CLASSES,PRODUCTION,ALL UTILIZATION PRACTICES,BU,2688750000
SURVEY,2007,SOYBEANS,ALL CLASSES,PRODUCTION,ALL UTILIZATION PRACTICES,BU,2677117000
SURVEY,2009,SOYBEANS,ALL CLASSES,PRODUCTION,ALL UTILIZATION PRACTICES,BU,3360931000
SURVEY,2010,SOYBEANS,ALL CLASSES,PRODUCTION,ALL UTILIZATION PRACTICES,BU,3331306000
SURVEY,2006,SOYBEANS,ALL CLASSES,PRODUCTION,ALL UTILIZATION PRACTICES,BU,3196726000
SURVEY,1995,SOYBEANS,ALL CLASSES,PRODUCTION,ALL UTILIZATION PRACTICES,BU,2174254000
SURVEY,1996,SOYBEANS,ALL CLASSES,PRODUCTION,ALL UTILIZATION PRACTICES,BU,2380274000
SURVEY,1998,SOYBEANS,ALL CLASSES,PRODUCTION,ALL UTILIZATION PRACTICES,BU,2741014000
SURVEY,1999,SOYBEANS,ALL CLASSES,PRODUCTION,ALL UTILIZATION PRACTICES,BU,2653758000
SURVEY,2001,SOYBEANS,ALL CLASSES,PRODUCTION,ALL UTILIZATION PRACTICES,BU,2890682000
SURVEY,2005,SOYBEANS,ALL CLASSES,PRODUCTION,ALL UTILIZATION PRACTICES,BU,3068342000
SURVEY,2000,SOYBEANS,ALL CLASSES,PRODUCTION,ALL UTILIZATION PRACTICES,BU,2757810000
SURVEY,1993,SOYBEANS,ALL CLASSES,PRODUCTION,ALL UTILIZATION PRACTICES,BU,1869718000
SURVEY,1992,SOYBEANS,ALL CLASSES,PRODUCTION,ALL UTILIZATION PRACTICES,BU,2190354000
SURVEY,2004,SOYBEANS,ALL CLASSES,PRODUCTION,ALL UTILIZATION PRACTICES,BU,3123790000
SURVEY,2003,SOYBEANS,ALL CLASSES,PRODUCTION,ALL UTILIZATION PRACTICES,BU,2453845000
SURVEY,2008,SOYBEANS,ALL CLASSES,PRODUCTION,ALL UTILIZATION PRACTICES,BU,2967007000
SURVEY,1991,SOYBEANS,ALL CLASSES,PRODUCTION,ALL UTILIZATION PRACTICES,BU,1986539000
SURVEY,1994,SOYBEANS,ALL CLASSES,PRODUCTION,ALL UTILIZATION PRACTICES,BU,2514869000
SURVEY,2011,SOYBEANS,ALL CLASSES,PRODUCTION,ALL UTILIZATION PRACTICES,BU,3097179000
SURVEY,2012,SOYBEANS,ALL CLASSES,PRODUCTION,ALL UTILIZATION PRACTICES,BU,3042044000
SURVEY,1990,SOYBEANS,ALL CLASSES,PRODUCTION,ALL UTILIZATION PRACTICES,BU,1925947000
SURVEY,2013,SOYBEANS,ALL CLASSES,PRODUCTION,ALL UTILIZATION PRACTICES,BU,3357004000
SURVEY,2014,SOYBEANS,ALL CLASSES,PRODUCTION,ALL UTILIZATION PRACTICES,BU,3928070000
SURVEY,2015,SOYBEANS,ALL CLASSES,PRODUCTION,ALL UTILIZATION PRACTICES,BU,3926779000
SURVEY,2016,SOYBEANS,ALL CLASSES,PRODUCTION,ALL UTILIZATION PRACTICES,BU,4296496000
SURVEY,2017,SOYBEANS,ALL CLASSES,PRODUCTION,ALL UTILIZATION PRACTICES,BU,4411633000
SURVEY,2018,SOYBEANS,ALL CLASSES,PRODUCTION,ALL UTILIZATION PRACTICES,BU,4428150000
SURVEY,2019,SOYBEANS,ALL CLASSES,PRODUCTION,ALL UTILIZATION PRACTICES,BU,3558281000
SURVEY,2002,WHEAT,ALL CLASSES,AREA HARVESTED,ALL UTILIZATION PRACTICES,ACRES,45824000
SURVEY,1997,WHEAT,ALL CLASSES,AREA HARVESTED,ALL UTILIZATION PRACTICES,ACRES,62840000
SURVEY,2007,WHEAT,ALL CLASSES,AREA HARVESTED,ALL UTILIZATION PRACTICES,ACRES,50999000
SURVEY,2009,WHEAT,ALL CLASSES,AREA HARVESTED,ALL UTILIZATION PRACTICES,ACRES,49841000
SURVEY,2010,WHEAT,ALL CLASSES,AREA HARVESTED,ALL UTILIZATION PRACTICES,ACRES,46883000
SURVEY,2006,WHEAT,ALL CLASSES,AREA HARVESTED,ALL UTILIZATION PRACTICES,ACRES,46800000
SURVEY,1995,WHEAT,ALL CLASSES,AREA HARVESTED,ALL UTILIZATION PRACTICES,ACRES,60955000
SURVEY,1996,WHEAT,ALL CLASSES,AREA HARVESTED,ALL UTILIZATION PRACTICES,ACRES,62819000
SURVEY,1998,WHEAT,ALL CLASSES,AREA HARVESTED,ALL UTILIZATION PRACTICES,ACRES,59002000
SURVEY,1999,WHEAT,ALL CLASSES,AREA HARVESTED,ALL UTILIZATION PRACTICES,ACRES,53773000
SURVEY,2001,WHEAT,ALL CLASSES,AREA HARVESTED,ALL UTILIZATION PRACTICES,ACRES,48473000
SURVEY,2005,WHEAT,ALL CLASSES,AREA HARVESTED,ALL UTILIZATION PRACTICES,ACRES,50104000
SURVEY,2000,WHEAT,ALL CLASSES,AREA HARVESTED,ALL UTILIZATION PRACTICES,ACRES,53063000
SURVEY,1993,WHEAT,ALL CLASSES,AREA HARVESTED,ALL UTILIZATION PRACTICES,ACRES,62712000
SURVEY,1992,WHEAT,ALL CLASSES,AREA HARVESTED,ALL UTILIZATION PRACTICES,ACRES,62761000
SURVEY,2004,WHEAT,ALL CLASSES,AREA HARVESTED,ALL UTILIZATION PRACTICES,ACRES,49969000
SURVEY,2003,WHEAT,ALL CLASSES,AREA HARVESTED,ALL UTILIZATION PRACTICES,ACRES,53063000
SURVEY,2008,WHEAT,ALL CLASSES,AREA HARVESTED,ALL UTILIZATION PRACTICES,ACRES,56036000
SURVEY,1991,WHEAT,ALL CLASSES,AREA HARVESTED,ALL UTILIZATION PRACTICES,ACRES,57803000
SURVEY,1994,WHEAT,ALL CLASSES,AREA HARVESTED,ALL UTILIZATION PRACTICES,ACRES,61770000
SURVEY,2011,WHEAT,ALL CLASSES,AREA HARVESTED,ALL UTILIZATION PRACTICES,ACRES,45687000
SURVEY,2012,WHEAT,ALL CLASSES,AREA HARVESTED,ALL UTILIZATION PRACTICES,ACRES,48758000
SURVEY,1990,WHEAT,ALL CLASSES,AREA HARVESTED,ALL UTILIZATION PRACTICES,ACRES,69103000
SURVEY,2013,WHEAT,ALL CLASSES,AREA HARVESTED,ALL UTILIZATION PRACTICES,ACRES,45332000
SURVEY,2014,WHEAT,ALL CLASSES,AREA HARVESTED,ALL UTILIZATION PRACTICES,ACRES,46385000
SURVEY,2015,WHEAT,ALL CLASSES,AREA HARVESTED,ALL UTILIZATION PRACTICES,ACRES,47318000
SURVEY,2016,WHEAT,ALL CLASSES,AREA HARVESTED,ALL UTILIZATION PRACTICES,ACRES,43848000
SURVEY,2017,WHEAT,ALL CLASSES,AREA HARVESTED,ALL UTILIZATION PRACTICES,ACRES,37555000
SURVEY,2018,WHEAT,ALL CLASSES,AREA HARVESTED,ALL UTILIZATION PRACTICES,ACRES,39612000
SURVEY,2019,WHEAT,ALL CLASSES,AREA HARVESTED,ALL UTILIZATION PRACTICES,ACRES,37162000
SURVEY,2002,WHEAT,ALL CLASSES,AREA PLANTED,ALL UTILIZATION PRACTICES,ACRES,60318000
SURVEY,1997,WHEAT,ALL CLASSES,AREA PLANTED,ALL UTILIZATION PRACTICES,ACRES,70412000
SURVEY,2007,WHEAT,ALL CLASSES,AREA PLANTED,ALL UTILIZATION PRACTICES,ACRES,60460000
SURVEY,2009,WHEAT,ALL CLASSES,AREA PLANTED,ALL UTILIZATION PRACTICES,ACRES,59017000
SURVEY,2010,WHEAT,ALL CLASSES,AREA PLANTED,ALL UTILIZATION PRACTICES,ACRES,52620000
SURVEY,2006,WHEAT,ALL CLASSES,AREA PLANTED,ALL UTILIZATION PRACTICES,ACRES,57334000
SURVEY,1995,WHEAT,ALL CLASSES,AREA PLANTED,ALL UTILIZATION PRACTICES,ACRES,69031000
SURVEY,1996,WHEAT,ALL CLASSES,AREA PLANTED,ALL UTILIZATION PRACTICES,ACRES,75105000
SURVEY,1998,WHEAT,ALL CLASSES,AREA PLANTED,ALL UTILIZATION PRACTICES,ACRES,65821000
SURVEY,1999,WHEAT,ALL CLASSES,AREA PLANTED,ALL UTILIZATION PRACTICES,ACRES,62664000
SURVEY,2001,WHEAT,ALL CLASSES,AREA PLANTED,ALL UTILIZATION PRACTICES,ACRES,59432000
SURVEY,2005,WHEAT,ALL CLASSES,AREA PLANTED,ALL UTILIZATION PRACTICES,ACRES,57214000
SURVEY,2000,WHEAT,ALL CLASSES,AREA PLANTED,ALL UTILIZATION PRACTICES,ACRES,62549000
SURVEY,1993,WHEAT,ALL CLASSES,AREA PLANTED,ALL UTILIZATION PRACTICES,ACRES,72168000
SURVEY,1992,WHEAT,ALL CLASSES,AREA PLANTED,ALL UTILIZATION PRACTICES,ACRES,72219000
SURVEY,2004,WHEAT,ALL CLASSES,AREA PLANTED,ALL UTILIZATION PRACTICES,ACRES,59644000
SURVEY,2003,WHEAT,ALL CLASSES,AREA PLANTED,ALL UTILIZATION PRACTICES,ACRES,62141000
SURVEY,2008,WHEAT,ALL CLASSES,AREA PLANTED,ALL UTILIZATION PRACTICES,ACRES,63617000
SURVEY,1991,WHEAT,ALL CLASSES,AREA PLANTED,ALL UTILIZATION PRACTICES,ACRES,69881000
SURVEY,1994,WHEAT,ALL CLASSES,AREA PLANTED,ALL UTILIZATION PRACTICES,ACRES,70349000
SURVEY,2011,WHEAT,ALL CLASSES,AREA PLANTED,ALL UTILIZATION PRACTICES,ACRES,54277000
SURVEY,2012,WHEAT,ALL CLASSES,AREA PLANTED,ALL UTILIZATION PRACTICES,ACRES,55294000
SURVEY,1990,WHEAT,ALL CLASSES,AREA PLANTED,ALL UTILIZATION PRACTICES,ACRES,77041000
SURVEY,2013,WHEAT,ALL CLASSES,AREA PLANTED,ALL UTILIZATION PRACTICES,ACRES,56236000
SURVEY,2014,WHEAT,ALL CLASSES,AREA PLANTED,ALL UTILIZATION PRACTICES,ACRES,56841000
SURVEY,2015,WHEAT,ALL CLASSES,AREA PLANTED,ALL UTILIZATION PRACTICES,ACRES,54999000
SURVEY,2016,WHEAT,ALL CLASSES,AREA PLANTED,ALL UTILIZATION PRACTICES,ACRES,50116000
SURVEY,2017,WHEAT,ALL CLASSES,AREA PLANTED,ALL UTILIZATION PRACTICES,ACRES,46052000
SURVEY,2018,WHEAT,ALL CLASSES,AREA PLANTED,ALL UTILIZATION PRACTICES,ACRES,47815000
SURVEY,2019,WHEAT,ALL CLASSES,AREA PLANTED,ALL UTILIZATION PRACTICES,ACRES,45158000
SURVEY,2020,WHEAT,ALL CLASSES,AREA PLANTED,ALL UTILIZATION PRACTICES,ACRES,44655000
SURVEY,2002,WHEAT,ALL CLASSES,PRODUCTION,ALL UTILIZATION PRACTICES,BU,1605878000
SURVEY,1997,WHEAT,ALL CLASSES,PRODUCTION,ALL UTILIZATION PRACTICES,BU,2481466000
SURVEY,2007,WHEAT,ALL CLASSES,PRODUCTION,ALL UTILIZATION PRACTICES,BU,2051088000
SURVEY,2009,WHEAT,ALL CLASSES,PRODUCTION,ALL UTILIZATION PRACTICES,BU,2208918000
SURVEY,2010,WHEAT,ALL CLASSES,PRODUCTION,ALL UTILIZATION PRACTICES,BU,2163023000
SURVEY,2006,WHEAT,ALL CLASSES,PRODUCTION,ALL UTILIZATION PRACTICES,BU,1808416000
SURVEY,1995,WHEAT,ALL CLASSES,PRODUCTION,ALL UTILIZATION PRACTICES,BU,2182708000
SURVEY,1996,WHEAT,ALL CLASSES,PRODUCTION,ALL UTILIZATION PRACTICES,BU,2277388000
SURVEY,1998,WHEAT,ALL CLASSES,PRODUCTION,ALL UTILIZATION PRACTICES,BU,2547321000
SURVEY,1999,WHEAT,ALL CLASSES,PRODUCTION,ALL UTILIZATION PRACTICES,BU,2295560000
SURVEY,2001,WHEAT,ALL CLASSES,PRODUCTION,ALL UTILIZATION PRACTICES,BU,1947453000
SURVEY,2005,WHEAT,ALL CLASSES,PRODUCTION,ALL UTILIZATION PRACTICES,BU,2103325000
SURVEY,2000,WHEAT,ALL CLASSES,PRODUCTION,ALL UTILIZATION PRACTICES,BU,2228160000
SURVEY,1993,WHEAT,ALL CLASSES,PRODUCTION,ALL UTILIZATION PRACTICES,BU,2396440000
SURVEY,1992,WHEAT,ALL CLASSES,PRODUCTION,ALL UTILIZATION PRACTICES,BU,2466798000
SURVEY,2004,WHEAT,ALL CLASSES,PRODUCTION,ALL UTILIZATION PRACTICES,BU,2156790000
SURVEY,2003,WHEAT,ALL CLASSES,PRODUCTION,ALL UTILIZATION PRACTICES,BU,2344415000
SURVEY,2008,WHEAT,ALL CLASSES,PRODUCTION,ALL UTILIZATION PRACTICES,BU,2511896000
SURVEY,1991,WHEAT,ALL CLASSES,PRODUCTION,ALL UTILIZATION PRACTICES,BU,1980139000
SURVEY,1994,WHEAT,ALL CLASSES,PRODUCTION,ALL UTILIZATION PRACTICES,BU,2320981000
SURVEY,2011,WHEAT,ALL CLASSES,PRODUCTION,ALL UTILIZATION PRACTICES,BU,1993111000
SURVEY,2012,WHEAT,ALL CLASSES,PRODUCTION,ALL UTILIZATION PRACTICES,BU,2252307000
SURVEY,1990,WHEAT,ALL CLASSES,PRODUCTION,ALL UTILIZATION PRACTICES,BU,2729778000
SURVEY,2013,WHEAT,ALL CLASSES,PRODUCTION,ALL UTILIZATION PRACTICES,BU,2134979000
SURVEY,2014,WHEAT,ALL CLASSES,PRODUCTION,ALL UTILIZATION PRACTICES,BU,2026310000
SURVEY,2015,WHEAT,ALL CLASSES,PRODUCTION,ALL UTILIZATION PRACTICES,BU,2061939000
SURVEY,2016,WHEAT,ALL CLASSES,PRODUCTION,ALL UTILIZATION PRACTICES,BU,2308663000
SURVEY,2017,WHEAT,ALL CLASSES,PRODUCTION,ALL UTILIZATION PRACTICES,BU,1740910000
SURVEY,2018,WHEAT,ALL CLASSES,PRODUCTION,ALL UTILIZATION PRACTICES,BU,1885156000
SURVEY,2019,WHEAT,ALL CLASSES,PRODUCTION,ALL UTILIZATION PRACTICES,BU,1920139000
SURVEY,2002,WHEAT,ALL CLASSES,YIELD,ALL UTILIZATION PRACTICES,BU / ACRE,35
SURVEY,1997,WHEAT,ALL CLASSES,YIELD,ALL UTILIZATION PRACTICES,BU / ACRE,39.5
SURVEY,2007,WHEAT,ALL CLASSES,YIELD,ALL UTILIZATION PRACTICES,BU / ACRE,40.2
SURVEY,2009,WHEAT,ALL CLASSES,YIELD,ALL UTILIZATION PRACTICES,BU / ACRE,44.3
SURVEY,2010,WHEAT,ALL CLASSES,YIELD,ALL UTILIZATION PRACTICES,BU / ACRE,46.1
SURVEY,2006,WHEAT,ALL CLASSES,YIELD,ALL UTILIZATION PRACTICES,BU / ACRE,38.6
SURVEY,1995,WHEAT,ALL CLASSES,YIELD,ALL UTILIZATION PRACTICES,BU / ACRE,35.8
SURVEY,1996,WHEAT,ALL CLASSES,YIELD,ALL UTILIZATION PRACTICES,BU / ACRE,36.3
SURVEY,1998,WHEAT,ALL CLASSES,YIELD,ALL UTILIZATION PRACTICES,BU / ACRE,43.2
SURVEY,1999,WHEAT,ALL CLASSES,YIELD,ALL UTILIZATION PRACTICES,BU / ACRE,42.7
SURVEY,2001,WHEAT,ALL CLASSES,YIELD,ALL UTILIZATION PRACTICES,BU / ACRE,40.2
SURVEY,2005,WHEAT,ALL CLASSES,YIELD,ALL UTILIZATION PRACTICES,BU / ACRE,42
SURVEY,2000,WHEAT,ALL CLASSES,YIELD,ALL UTILIZATION PRACTICES,BU / ACRE,42
SURVEY,1993,WHEAT,ALL CLASSES,YIELD,ALL UTILIZATION PRACTICES,BU / ACRE,38.2
SURVEY,1992,WHEAT,ALL CLASSES,YIELD,ALL UTILIZATION PRACTICES,BU / ACRE,39.3
SURVEY,2004,WHEAT,ALL CLASSES,YIELD,ALL UTILIZATION PRACTICES,BU / ACRE,43.2
SURVEY,2003,WHEAT,ALL CLASSES,YIELD,ALL UTILIZATION PRACTICES,BU / ACRE,44.2
SURVEY,2008,WHEAT,ALL CLASSES,YIELD,ALL UTILIZATION PRACTICES,BU / ACRE,44.8
SURVEY,1991,WHEAT,ALL CLASSES,YIELD,ALL UTILIZATION PRACTICES,BU / ACRE,34.3
SURVEY,1994,WHEAT,ALL CLASSES,YIELD,ALL UTILIZATION PRACTICES,BU / ACRE,37.6
SURVEY,2011,WHEAT,ALL CLASSES,YIELD,ALL UTILIZATION PRACTICES,BU / ACRE,43.6
SURVEY,2012,WHEAT,ALL CLASSES,YIELD,ALL UTILIZATION PRACTICES,BU / ACRE,46.2
SURVEY,1990,WHEAT,ALL CLASSES,YIELD,ALL UTILIZATION PRACTICES,BU / ACRE,39.5
SURVEY,2013,WHEAT,ALL CLASSES,YIELD,ALL UTILIZATION PRACTICES,BU / ACRE,47.1
SURVEY,2014,WHEAT,ALL CLASSES,YIELD,ALL UTILIZATION PRACTICES,BU / ACRE,43.7
SURVEY,2015,WHEAT,ALL CLASSES,YIELD,ALL UTILIZATION PRACTICES,BU / ACRE,43.6
SURVEY,2016,WHEAT,ALL CLASSES,YIELD,ALL UTILIZATION PRACTICES,BU / ACRE,52.7
SURVEY,2017,WHEAT,ALL CLASSES,YIELD,ALL UTILIZATION PRACTICES,BU / ACRE,46.4
SURVEY,2018,WHEAT,ALL CLASSES,YIELD,ALL UTILIZATION PRACTICES,BU / ACRE,47.6
SURVEY,2019,WHEAT,ALL CLASSES,YIELD,ALL UTILIZATION PRACTICES,BU / ACRE,51.7
SURVEY,2002,WHEAT,"SPRING, DURUM",AREA HARVESTED,ALL UTILIZATION PRACTICES,ACRES,2709000
SURVEY,1997,WHEAT,"SPRING, DURUM",AREA HARVESTED,ALL UTILIZATION PRACTICES,ACRES,3177000
SURVEY,2007,WHEAT,"SPRING, DURUM",AREA HARVESTED,ALL UTILIZATION PRACTICES,ACRES,2119000
SURVEY,2009,WHEAT,"SPRING, DURUM",AREA HARVESTED,ALL UTILIZATION PRACTICES,ACRES,2386000
SURVEY,2010,WHEAT,"SPRING, DURUM",AREA HARVESTED,ALL UTILIZATION PRACTICES,ACRES,2462000
SURVEY,2006,WHEAT,"SPRING, DURUM",AREA HARVESTED,ALL UTILIZATION PRACTICES,ACRES,1815000
SURVEY,1995,WHEAT,"SPRING, DURUM",AREA HARVESTED,ALL UTILIZATION PRACTICES,ACRES,3356000
SURVEY,1996,WHEAT,"SPRING, DURUM",AREA HARVESTED,ALL UTILIZATION PRACTICES,ACRES,3556000
SURVEY,1998,WHEAT,"SPRING, DURUM",AREA HARVESTED,ALL UTILIZATION PRACTICES,ACRES,3728000
SURVEY,1999,WHEAT,"SPRING, DURUM",AREA HARVESTED,ALL UTILIZATION PRACTICES,ACRES,3569000
SURVEY,2001,WHEAT,"SPRING, DURUM",AREA HARVESTED,ALL UTILIZATION PRACTICES,ACRES,2789000
SURVEY,2005,WHEAT,"SPRING, DURUM",AREA HARVESTED,ALL UTILIZATION PRACTICES,ACRES,2716000
SURVEY,2000,WHEAT,"SPRING, DURUM",AREA HARVESTED,ALL UTILIZATION PRACTICES,ACRES,3572000
SURVEY,1993,WHEAT,"SPRING, DURUM",AREA HARVESTED,ALL UTILIZATION PRACTICES,ACRES,2100000
SURVEY,1992,WHEAT,"SPRING, DURUM",AREA HARVESTED,ALL UTILIZATION PRACTICES,ACRES,2519000
SURVEY,2004,WHEAT,"SPRING, DURUM",AREA HARVESTED,ALL UTILIZATION PRACTICES,ACRES,2363000
SURVEY,2003,WHEAT,"SPRING, DURUM",AREA HARVESTED,ALL UTILIZATION PRACTICES,ACRES,2869000
SURVEY,2008,WHEAT,"SPRING, DURUM",AREA HARVESTED,ALL UTILIZATION PRACTICES,ACRES,2574000
SURVEY,1991,WHEAT,"SPRING, DURUM",AREA HARVESTED,ALL UTILIZATION PRACTICES,ACRES,3197000
SURVEY,1994,WHEAT,"SPRING, DURUM",AREA HARVESTED,ALL UTILIZATION PRACTICES,ACRES,2715000
SURVEY,2011,WHEAT,"SPRING, DURUM",AREA HARVESTED,ALL UTILIZATION PRACTICES,ACRES,1280000
SURVEY,2012,WHEAT,"SPRING, DURUM",AREA HARVESTED,ALL UTILIZATION PRACTICES,ACRES,2122000
SURVEY,1990,WHEAT,"SPRING, DURUM",AREA HARVESTED,ALL UTILIZATION PRACTICES,ACRES,3507000
SURVEY,2013,WHEAT,"SPRING, DURUM",AREA HARVESTED,ALL UTILIZATION PRACTICES,ACRES,1338000
SURVEY,2014,WHEAT,"SPRING, DURUM",AREA HARVESTED,ALL UTILIZATION PRACTICES,ACRES,1346000
SURVEY,2015,WHEAT,"SPRING, DURUM",AREA HARVESTED,ALL UTILIZATION PRACTICES,ACRES,1911000
SURVEY,2016,WHEAT,"SPRING, DURUM",AREA HARVESTED,ALL UTILIZATION PRACTICES,ACRES,2360000
SURVEY,2017,WHEAT,"SPRING, DURUM",AREA HARVESTED,ALL UTILIZATION PRACTICES,ACRES,2106000
SURVEY,2018,WHEAT,"SPRING, DURUM",AREA HARVESTED,ALL UTILIZATION PRACTICES,ACRES,1974000
SURVEY,2019,WHEAT,"SPRING, DURUM",AREA HARVESTED,ALL UTILIZATION PRACTICES,ACRES,1175000
SURVEY,2002,WHEAT,"SPRING, DURUM",AREA PLANTED,ALL UTILIZATION PRACTICES,ACRES,2913000
SURVEY,1997,WHEAT,"SPRING, DURUM",AREA PLANTED,ALL UTILIZATION PRACTICES,ACRES,3310000
SURVEY,2007,WHEAT,"SPRING, DURUM",AREA PLANTED,ALL UTILIZATION PRACTICES,ACRES,2156000
SURVEY,2009,WHEAT,"SPRING, DURUM",AREA PLANTED,ALL UTILIZATION PRACTICES,ACRES,2512000
SURVEY,2010,WHEAT,"SPRING, DURUM",AREA PLANTED,ALL UTILIZATION PRACTICES,ACRES,2503000
SURVEY,2006,WHEAT,"SPRING, DURUM",AREA PLANTED,ALL UTILIZATION PRACTICES,ACRES,1870000
SURVEY,1995,WHEAT,"SPRING, DURUM",AREA PLANTED,ALL UTILIZATION PRACTICES,ACRES,3436000
SURVEY,1996,WHEAT,"SPRING, DURUM",AREA PLANTED,ALL UTILIZATION PRACTICES,ACRES,3630000
SURVEY,1998,WHEAT,"SPRING, DURUM",AREA PLANTED,ALL UTILIZATION PRACTICES,ACRES,3805000
SURVEY,1999,WHEAT,"SPRING, DURUM",AREA PLANTED,ALL UTILIZATION PRACTICES,ACRES,4035000
SURVEY,2001,WHEAT,"SPRING, DURUM",AREA PLANTED,ALL UTILIZATION PRACTICES,ACRES,2910000
SURVEY,2005,WHEAT,"SPRING, DURUM",AREA PLANTED,ALL UTILIZATION PRACTICES,ACRES,2760000
SURVEY,2000,WHEAT,"SPRING, DURUM",AREA PLANTED,ALL UTILIZATION PRACTICES,ACRES,3937000
SURVEY,1993,WHEAT,"SPRING, DURUM",AREA PLANTED,ALL UTILIZATION PRACTICES,ACRES,2241000
SURVEY,1992,WHEAT,"SPRING, DURUM",AREA PLANTED,ALL UTILIZATION PRACTICES,ACRES,2547000
SURVEY,2004,WHEAT,"SPRING, DURUM",AREA PLANTED,ALL UTILIZATION PRACTICES,ACRES,2561000
SURVEY,2003,WHEAT,"SPRING, DURUM",AREA PLANTED,ALL UTILIZATION PRACTICES,ACRES,2915000
SURVEY,2008,WHEAT,"SPRING, DURUM",AREA PLANTED,ALL UTILIZATION PRACTICES,ACRES,2721000
SURVEY,1991,WHEAT,"SPRING, DURUM",AREA PLANTED,ALL UTILIZATION PRACTICES,ACRES,3253000
SURVEY,1994,WHEAT,"SPRING, DURUM",AREA PLANTED,ALL UTILIZATION PRACTICES,ACRES,2823000
SURVEY,2011,WHEAT,"SPRING, DURUM",AREA PLANTED,ALL UTILIZATION PRACTICES,ACRES,1337000
SURVEY,2012,WHEAT,"SPRING, DURUM",AREA PLANTED,ALL UTILIZATION PRACTICES,ACRES,2138000
SURVEY,1990,WHEAT,"SPRING, DURUM",AREA PLANTED,ALL UTILIZATION PRACTICES,ACRES,3570000
SURVEY,2013,WHEAT,"SPRING, DURUM",AREA PLANTED,ALL UTILIZATION PRACTICES,ACRES,1400000
SURVEY,2014,WHEAT,"SPRING, DURUM",AREA PLANTED,ALL UTILIZATION PRACTICES,ACRES,1407000
SURVEY,2015,WHEAT,"SPRING, DURUM",AREA PLANTED,ALL UTILIZATION PRACTICES,ACRES,1951000
SURVEY,2016,WHEAT,"SPRING, DURUM",AREA PLANTED,ALL UTILIZATION PRACTICES,ACRES,2412000
SURVEY,2017,WHEAT,"SPRING, DURUM",AREA PLANTED,ALL UTILIZATION PRACTICES,ACRES,2307000
SURVEY,2018,WHEAT,"SPRING, DURUM",AREA PLANTED,ALL UTILIZATION PRACTICES,ACRES,2073000
SURVEY,2019,WHEAT,"SPRING, DURUM",AREA PLANTED,ALL UTILIZATION PRACTICES,ACRES,1339000
SURVEY,2020,WHEAT,"SPRING, DURUM",AREA PLANTED,ALL UTILIZATION PRACTICES,ACRES,1290000
SURVEY,2002,WHEAT,"SPRING, DURUM",PRODUCTION,ALL UTILIZATION PRACTICES,BU,79960000
SURVEY,1997,WHEAT,"SPRING, DURUM",PRODUCTION,ALL UTILIZATION PRACTICES,BU,87783000
SURVEY,2007,WHEAT,"SPRING, DURUM",PRODUCTION,ALL UTILIZATION PRACTICES,BU,72224000
SURVEY,2009,WHEAT,"SPRING, DURUM",PRODUCTION,ALL UTILIZATION PRACTICES,BU,104930000
SURVEY,2010,WHEAT,"SPRING, DURUM",PRODUCTION,ALL UTILIZATION PRACTICES,BU,101482000
SURVEY,2006,WHEAT,"SPRING, DURUM",PRODUCTION,ALL UTILIZATION PRACTICES,BU,53475000
SURVEY,1995,WHEAT,"SPRING, DURUM",PRODUCTION,ALL UTILIZATION PRACTICES,BU,102280000
SURVEY,1996,WHEAT,"SPRING, DURUM",PRODUCTION,ALL UTILIZATION PRACTICES,BU,116090000
SURVEY,1998,WHEAT,"SPRING, DURUM",PRODUCTION,ALL UTILIZATION PRACTICES,BU,138119000
SURVEY,1999,WHEAT,"SPRING, DURUM",PRODUCTION,ALL UTILIZATION PRACTICES,BU,99322000
SURVEY,2001,WHEAT,"SPRING, DURUM",PRODUCTION,ALL UTILIZATION PRACTICES,BU,83556000
SURVEY,2005,WHEAT,"SPRING, DURUM",PRODUCTION,ALL UTILIZATION PRACTICES,BU,101105000
SURVEY,2000,WHEAT,"SPRING, DURUM",PRODUCTION,ALL UTILIZATION PRACTICES,BU,109805000
SURVEY,1993,WHEAT,"SPRING, DURUM",PRODUCTION,ALL UTILIZATION PRACTICES,BU,70476000
SURVEY,1992,WHEAT,"SPRING, DURUM",PRODUCTION,ALL UTILIZATION PRACTICES,BU,99906000
SURVEY,2004,WHEAT,"SPRING, DURUM",PRODUCTION,ALL UTILIZATION PRACTICES,BU,89893000
SURVEY,2003,WHEAT,"SPRING, DURUM",PRODUCTION,ALL UTILIZATION PRACTICES,BU,96637000
SURVEY,2008,WHEAT,"SPRING, DURUM",PRODUCTION,ALL UTILIZATION PRACTICES,BU,80467000
SURVEY,1991,WHEAT,"SPRING, DURUM",PRODUCTION,ALL UTILIZATION PRACTICES,BU,103957000
SURVEY,1994,WHEAT,"SPRING, DURUM",PRODUCTION,ALL UTILIZATION PRACTICES,BU,96747000
SURVEY,2011,WHEAT,"SPRING, DURUM",PRODUCTION,ALL UTILIZATION PRACTICES,BU,47043000
SURVEY,2012,WHEAT,"SPRING, DURUM",PRODUCTION,ALL UTILIZATION PRACTICES,BU,81501000
SURVEY,1990,WHEAT,"SPRING, DURUM",PRODUCTION,ALL UTILIZATION PRACTICES,BU,122430000
SURVEY,2013,WHEAT,"SPRING, DURUM",PRODUCTION,ALL UTILIZATION PRACTICES,BU,57976000
SURVEY,2014,WHEAT,"SPRING, DURUM",PRODUCTION,ALL UTILIZATION PRACTICES,BU,54056000
SURVEY,2015,WHEAT,"SPRING, DURUM",PRODUCTION,ALL UTILIZATION PRACTICES,BU,84009000
SURVEY,2016,WHEAT,"SPRING, DURUM",PRODUCTION,ALL UTILIZATION PRACTICES,BU,103914000
SURVEY,2017,WHEAT,"SPRING, DURUM",PRODUCTION,ALL UTILIZATION PRACTICES,BU,54777000
SURVEY,2018,WHEAT,"SPRING, DURUM",PRODUCTION,ALL UTILIZATION PRACTICES,BU,77985000
SURVEY,2019,WHEAT,"SPRING, DURUM",PRODUCTION,ALL UTILIZATION PRACTICES,BU,53756000
SURVEY,2002,WHEAT,"SPRING, (EXCL DURUM)",AREA HARVESTED,ALL UTILIZATION PRACTICES,ACRES,13373000
SURVEY,1997,WHEAT,"SPRING, (EXCL DURUM)",AREA HARVESTED,ALL UTILIZATION PRACTICES,ACRES,18323000
SURVEY,2007,WHEAT,"SPRING, (EXCL DURUM)",AREA HARVESTED,ALL UTILIZATION PRACTICES,ACRES,12942000
SURVEY,2009,WHEAT,"SPRING, (EXCL DURUM)",AREA HARVESTED,ALL UTILIZATION PRACTICES,ACRES,12905000
SURVEY,2010,WHEAT,"SPRING, (EXCL DURUM)",AREA HARVESTED,ALL UTILIZATION PRACTICES,ACRES,13202000
SURVEY,2006,WHEAT,"SPRING, (EXCL DURUM)",AREA HARVESTED,ALL UTILIZATION PRACTICES,ACRES,13878000
SURVEY,1995,WHEAT,"SPRING, (EXCL DURUM)",AREA HARVESTED,ALL UTILIZATION PRACTICES,ACRES,16612000
SURVEY,1996,WHEAT,"SPRING, (EXCL DURUM)",AREA HARVESTED,ALL UTILIZATION PRACTICES,ACRES,19689000
SURVEY,1998,WHEAT,"SPRING, (EXCL DURUM)",AREA HARVESTED,ALL UTILIZATION PRACTICES,ACRES,15148000
SURVEY,1999,WHEAT,"SPRING, (EXCL DURUM)",AREA HARVESTED,ALL UTILIZATION PRACTICES,ACRES,14768000
SURVEY,2001,WHEAT,"SPRING, (EXCL DURUM)",AREA HARVESTED,ALL UTILIZATION PRACTICES,ACRES,14519000
SURVEY,2005,WHEAT,"SPRING, (EXCL DURUM)",AREA HARVESTED,ALL UTILIZATION PRACTICES,ACRES,13609000
SURVEY,2000,WHEAT,"SPRING, (EXCL DURUM)",AREA HARVESTED,ALL UTILIZATION PRACTICES,ACRES,14489000
SURVEY,1993,WHEAT,"SPRING, (EXCL DURUM)",AREA HARVESTED,ALL UTILIZATION PRACTICES,ACRES,16801000
SURVEY,1992,WHEAT,"SPRING, (EXCL DURUM)",AREA HARVESTED,ALL UTILIZATION PRACTICES,ACRES,18119000
SURVEY,2004,WHEAT,"SPRING, (EXCL DURUM)",AREA HARVESTED,ALL UTILIZATION PRACTICES,ACRES,13174000
SURVEY,2003,WHEAT,"SPRING, (EXCL DURUM)",AREA HARVESTED,ALL UTILIZATION PRACTICES,ACRES,13441000
SURVEY,2008,WHEAT,"SPRING, (EXCL DURUM)",AREA HARVESTED,ALL UTILIZATION PRACTICES,ACRES,13462000
SURVEY,1991,WHEAT,"SPRING, (EXCL DURUM)",AREA HARVESTED,ALL UTILIZATION PRACTICES,ACRES,15100000
SURVEY,1994,WHEAT,"SPRING, (EXCL DURUM)",AREA HARVESTED,ALL UTILIZATION PRACTICES,ACRES,17700000
SURVEY,2011,WHEAT,"SPRING, (EXCL DURUM)",AREA HARVESTED,ALL UTILIZATION PRACTICES,ACRES,12029000
SURVEY,2012,WHEAT,"SPRING, (EXCL DURUM)",AREA HARVESTED,ALL UTILIZATION PRACTICES,ACRES,12027000
SURVEY,1990,WHEAT,"SPRING, (EXCL DURUM)",AREA HARVESTED,ALL UTILIZATION PRACTICES,ACRES,15875000
SURVEY,2013,WHEAT,"SPRING, (EXCL DURUM)",AREA HARVESTED,ALL UTILIZATION PRACTICES,ACRES,11344000
SURVEY,2014,WHEAT,"SPRING, (EXCL DURUM)",AREA HARVESTED,ALL UTILIZATION PRACTICES,ACRES,12740000
SURVEY,2015,WHEAT,"SPRING, (EXCL DURUM)",AREA HARVESTED,ALL UTILIZATION PRACTICES,ACRES,13061000
SURVEY,2016,WHEAT,"SPRING, (EXCL DURUM)",AREA HARVESTED,ALL UTILIZATION PRACTICES,ACRES,11253000
SURVEY,2017,WHEAT,"SPRING, (EXCL DURUM)",AREA HARVESTED,ALL UTILIZATION PRACTICES,ACRES,10148000
SURVEY,2018,WHEAT,"SPRING, (EXCL DURUM)",AREA HARVESTED,ALL UTILIZATION PRACTICES,ACRES,12896000
SURVEY,2019,WHEAT,"SPRING, (EXCL DURUM)",AREA HARVESTED,ALL UTILIZATION PRACTICES,ACRES,11660000
SURVEY,2002,WHEAT,"SPRING, (EXCL DURUM)",AREA PLANTED,ALL UTILIZATION PRACTICES,ACRES,15639000
SURVEY,1997,WHEAT,"SPRING, (EXCL DURUM)",AREA PLANTED,ALL UTILIZATION PRACTICES,ACRES,19117000
SURVEY,2007,WHEAT,"SPRING, (EXCL DURUM)",AREA PLANTED,ALL UTILIZATION PRACTICES,ACRES,13292000
SURVEY,2009,WHEAT,"SPRING, (EXCL DURUM)",AREA PLANTED,ALL UTILIZATION PRACTICES,ACRES,13218000
SURVEY,2010,WHEAT,"SPRING, (EXCL DURUM)",AREA PLANTED,ALL UTILIZATION PRACTICES,ACRES,13541000
SURVEY,2006,WHEAT,"SPRING, (EXCL DURUM)",AREA PLANTED,ALL UTILIZATION PRACTICES,ACRES,14899000
SURVEY,1995,WHEAT,"SPRING, (EXCL DURUM)",AREA PLANTED,ALL UTILIZATION PRACTICES,ACRES,17004000
SURVEY,1996,WHEAT,"SPRING, (EXCL DURUM)",AREA PLANTED,ALL UTILIZATION PRACTICES,ACRES,20030000
SURVEY,1998,WHEAT,"SPRING, (EXCL DURUM)",AREA PLANTED,ALL UTILIZATION PRACTICES,ACRES,15567000
SURVEY,1999,WHEAT,"SPRING, (EXCL DURUM)",AREA PLANTED,ALL UTILIZATION PRACTICES,ACRES,15348000
SURVEY,2001,WHEAT,"SPRING, (EXCL DURUM)",AREA PLANTED,ALL UTILIZATION PRACTICES,ACRES,15579000
SURVEY,2005,WHEAT,"SPRING, (EXCL DURUM)",AREA PLANTED,ALL UTILIZATION PRACTICES,ACRES,14036000
SURVEY,2000,WHEAT,"SPRING, (EXCL DURUM)",AREA PLANTED,ALL UTILIZATION PRACTICES,ACRES,15299000
SURVEY,1993,WHEAT,"SPRING, (EXCL DURUM)",AREA PLANTED,ALL UTILIZATION PRACTICES,ACRES,18340000
SURVEY,1992,WHEAT,"SPRING, (EXCL DURUM)",AREA PLANTED,ALL UTILIZATION PRACTICES,ACRES,18750000
SURVEY,2004,WHEAT,"SPRING, (EXCL DURUM)",AREA PLANTED,ALL UTILIZATION PRACTICES,ACRES,13763000
SURVEY,2003,WHEAT,"SPRING, (EXCL DURUM)",AREA PLANTED,ALL UTILIZATION PRACTICES,ACRES,13842000
SURVEY,2008,WHEAT,"SPRING, (EXCL DURUM)",AREA PLANTED,ALL UTILIZATION PRACTICES,ACRES,14115000
SURVEY,1991,WHEAT,"SPRING, (EXCL DURUM)",AREA PLANTED,ALL UTILIZATION PRACTICES,ACRES,15604000
SURVEY,1994,WHEAT,"SPRING, (EXCL DURUM)",AREA PLANTED,ALL UTILIZATION PRACTICES,ACRES,18329000
SURVEY,2011,WHEAT,"SPRING, (EXCL DURUM)",AREA PLANTED,ALL UTILIZATION PRACTICES,ACRES,12344000
SURVEY,2012,WHEAT,"SPRING, (EXCL DURUM)",AREA PLANTED,ALL UTILIZATION PRACTICES,ACRES,12259000
SURVEY,1990,WHEAT,"SPRING, (EXCL DURUM)",AREA PLANTED,ALL UTILIZATION PRACTICES,ACRES,16723000
SURVEY,2013,WHEAT,"SPRING, (EXCL DURUM)",AREA PLANTED,ALL UTILIZATION PRACTICES,ACRES,11606000
SURVEY,2014,WHEAT,"SPRING, (EXCL DURUM)",AREA PLANTED,ALL UTILIZATION PRACTICES,ACRES,13025000
SURVEY,2015,WHEAT,"SPRING, (EXCL DURUM)",AREA PLANTED,ALL UTILIZATION PRACTICES,ACRES,13367000
SURVEY,2016,WHEAT,"SPRING, (EXCL DURUM)",AREA PLANTED,ALL UTILIZATION PRACTICES,ACRES,11555000
SURVEY,2017,WHEAT,"SPRING, (EXCL DURUM)",AREA PLANTED,ALL UTILIZATION PRACTICES,ACRES,11019000
SURVEY,2018,WHEAT,"SPRING, (EXCL DURUM)",AREA PLANTED,ALL UTILIZATION PRACTICES,ACRES,13200000
SURVEY,2019,WHEAT,"SPRING, (EXCL DURUM)",AREA PLANTED,ALL UTILIZATION PRACTICES,ACRES,12660000
SURVEY,2020,WHEAT,"SPRING, (EXCL DURUM)",AREA PLANTED,ALL UTILIZATION PRACTICES,ACRES,12590000
SURVEY,2002,WHEAT,"SPRING, (EXCL DURUM)",PRODUCTION,ALL UTILIZATION PRACTICES,BU,388917000
SURVEY,1997,WHEAT,"SPRING, (EXCL DURUM)",PRODUCTION,ALL UTILIZATION PRACTICES,BU,548155000
SURVEY,2007,WHEAT,"SPRING, (EXCL DURUM)",PRODUCTION,ALL UTILIZATION PRACTICES,BU,479623000
SURVEY,2009,WHEAT,"SPRING, (EXCL DURUM)",PRODUCTION,ALL UTILIZATION PRACTICES,BU,582911000
SURVEY,2010,WHEAT,"SPRING, (EXCL DURUM)",PRODUCTION,ALL UTILIZATION PRACTICES,BU,609228000
SURVEY,2006,WHEAT,"SPRING, (EXCL DURUM)",PRODUCTION,ALL UTILIZATION PRACTICES,BU,460480000
SURVEY,1995,WHEAT,"SPRING, (EXCL DURUM)",PRODUCTION,ALL UTILIZATION PRACTICES,BU,535125000
SURVEY,1996,WHEAT,"SPRING, (EXCL DURUM)",PRODUCTION,ALL UTILIZATION PRACTICES,BU,691680000
SURVEY,1998,WHEAT,"SPRING, (EXCL DURUM)",PRODUCTION,ALL UTILIZATION PRACTICES,BU,528469000
SURVEY,1999,WHEAT,"SPRING, (EXCL DURUM)",PRODUCTION,ALL UTILIZATION PRACTICES,BU,503108000
SURVEY,2001,WHEAT,"SPRING, (EXCL DURUM)",PRODUCTION,ALL UTILIZATION PRACTICES,BU,510778000
SURVEY,2005,WHEAT,"SPRING, (EXCL DURUM)",PRODUCTION,ALL UTILIZATION PRACTICES,BU,504456000
SURVEY,2000,WHEAT,"SPRING, (EXCL DURUM)",PRODUCTION,ALL UTILIZATION PRACTICES,BU,556632000
SURVEY,1993,WHEAT,"SPRING, (EXCL DURUM)",PRODUCTION,ALL UTILIZATION PRACTICES,BU,565821000
SURVEY,1992,WHEAT,"SPRING, (EXCL DURUM)",PRODUCTION,ALL UTILIZATION PRACTICES,BU,757608000
SURVEY,2004,WHEAT,"SPRING, (EXCL DURUM)",PRODUCTION,ALL UTILIZATION PRACTICES,BU,568918000
SURVEY,2003,WHEAT,"SPRING, (EXCL DURUM)",PRODUCTION,ALL UTILIZATION PRACTICES,BU,531402000
SURVEY,2008,WHEAT,"SPRING, (EXCL DURUM)",PRODUCTION,ALL UTILIZATION PRACTICES,BU,545854000
SURVEY,1991,WHEAT,"SPRING, (EXCL DURUM)",PRODUCTION,ALL UTILIZATION PRACTICES,BU,504565000
SURVEY,1994,WHEAT,"SPRING, (EXCL DURUM)",PRODUCTION,ALL UTILIZATION PRACTICES,BU,562291000
SURVEY,2011,WHEAT,"SPRING, (EXCL DURUM)",PRODUCTION,ALL UTILIZATION PRACTICES,BU,452938000
SURVEY,2012,WHEAT,"SPRING, (EXCL DURUM)",PRODUCTION,ALL UTILIZATION PRACTICES,BU,540419000
SURVEY,1990,WHEAT,"SPRING, (EXCL DURUM)",PRODUCTION,ALL UTILIZATION PRACTICES,BU,583124000
SURVEY,2013,WHEAT,"SPRING, (EXCL DURUM)",PRODUCTION,ALL UTILIZATION PRACTICES,BU,534101000
SURVEY,2014,WHEAT,"SPRING, (EXCL DURUM)",PRODUCTION,ALL UTILIZATION PRACTICES,BU,595038000
SURVEY,2015,WHEAT,"SPRING, (EXCL DURUM)",PRODUCTION,ALL UTILIZATION PRACTICES,BU,603240000
SURVEY,2016,WHEAT,"SPRING, (EXCL DURUM)",PRODUCTION,ALL UTILIZATION PRACTICES,BU,532227000
SURVEY,2017,WHEAT,"SPRING, (EXCL DURUM)",PRODUCTION,ALL UTILIZATION PRACTICES,BU,415851000
SURVEY,2018,WHEAT,"SPRING, (EXCL DURUM)",PRODUCTION,ALL UTILIZATION PRACTICES,BU,623232000
SURVEY,2019,WHEAT,"SPRING, (EXCL DURUM)",PRODUCTION,ALL UTILIZATION PRACTICES,BU,562380000
SURVEY,2002,WHEAT,WINTER,AREA HARVESTED,ALL UTILIZATION PRACTICES,ACRES,29742000
SURVEY,1997,WHEAT,WINTER,AREA HARVESTED,ALL UTILIZATION PRACTICES,ACRES,41340000
SURVEY,2007,WHEAT,WINTER,AREA HARVESTED,ALL UTILIZATION PRACTICES,ACRES,35938000
SURVEY,2009,WHEAT,WINTER,AREA HARVESTED,ALL UTILIZATION PRACTICES,ACRES,34550000
SURVEY,2010,WHEAT,WINTER,AREA HARVESTED,ALL UTILIZATION PRACTICES,ACRES,31219000
SURVEY,2006,WHEAT,WINTER,AREA HARVESTED,ALL UTILIZATION PRACTICES,ACRES,31107000
SURVEY,1995,WHEAT,WINTER,AREA HARVESTED,ALL UTILIZATION PRACTICES,ACRES,40987000
SURVEY,1996,WHEAT,WINTER,AREA HARVESTED,ALL UTILIZATION PRACTICES,ACRES,39574000
SURVEY,1998,WHEAT,WINTER,AREA HARVESTED,ALL UTILIZATION PRACTICES,ACRES,40126000
SURVEY,1999,WHEAT,WINTER,AREA HARVESTED,ALL UTILIZATION PRACTICES,ACRES,35436000
SURVEY,2001,WHEAT,WINTER,AREA HARVESTED,ALL UTILIZATION PRACTICES,ACRES,31165000
SURVEY,2005,WHEAT,WINTER,AREA HARVESTED,ALL UTILIZATION PRACTICES,ACRES,33779000
SURVEY,2000,WHEAT,WINTER,AREA HARVESTED,ALL UTILIZATION PRACTICES,ACRES,35002000
SURVEY,1993,WHEAT,WINTER,AREA HARVESTED,ALL UTILIZATION PRACTICES,ACRES,43811000
SURVEY,1992,WHEAT,WINTER,AREA HARVESTED,ALL UTILIZATION PRACTICES,ACRES,42123000
SURVEY,2004,WHEAT,WINTER,AREA HARVESTED,ALL UTILIZATION PRACTICES,ACRES,34432000
SURVEY,2003,WHEAT,WINTER,AREA HARVESTED,ALL UTILIZATION PRACTICES,ACRES,36753000
SURVEY,2008,WHEAT,WINTER,AREA HARVESTED,ALL UTILIZATION PRACTICES,ACRES,40000000
SURVEY,1991,WHEAT,WINTER,AREA HARVESTED,ALL UTILIZATION PRACTICES,ACRES,39506000
SURVEY,1994,WHEAT,WINTER,AREA HARVESTED,ALL UTILIZATION PRACTICES,ACRES,41355000
SURVEY,2011,WHEAT,WINTER,AREA HARVESTED,ALL UTILIZATION PRACTICES,ACRES,32378000
SURVEY,2012,WHEAT,WINTER,AREA HARVESTED,ALL UTILIZATION PRACTICES,ACRES,34609000
SURVEY,1990,WHEAT,WINTER,AREA HARVESTED,ALL UTILIZATION PRACTICES,ACRES,49721000
SURVEY,2013,WHEAT,WINTER,AREA HARVESTED,ALL UTILIZATION PRACTICES,ACRES,32650000
SURVEY,2014,WHEAT,WINTER,AREA HARVESTED,ALL UTILIZATION PRACTICES,ACRES,32299000
SURVEY,2015,WHEAT,WINTER,AREA HARVESTED,ALL UTILIZATION PRACTICES,ACRES,32346000
SURVEY,2016,WHEAT,WINTER,AREA HARVESTED,ALL UTILIZATION PRACTICES,ACRES,30235000
SURVEY,2017,WHEAT,WINTER,AREA HARVESTED,ALL UTILIZATION PRACTICES,ACRES,25301000
SURVEY,2018,WHEAT,WINTER,AREA HARVESTED,ALL UTILIZATION PRACTICES,ACRES,24742000
SURVEY,2019,WHEAT,WINTER,AREA HARVESTED,ALL UTILIZATION PRACTICES,ACRES,24327000
SURVEY,2002,WHEAT,WINTER,AREA PLANTED,ALL UTILIZATION PRACTICES,ACRES,41766000
SURVEY,1997,WHEAT,WINTER,AREA PLANTED,ALL UTILIZATION PRACTICES,ACRES,47985000
SURVEY,2007,WHEAT,WINTER,AREA PLANTED,ALL UTILIZATION PRACTICES,ACRES,45012000
SURVEY,2009,WHEAT,WINTER,AREA PLANTED,ALL UTILIZATION PRACTICES,ACRES,43287000
SURVEY,2010,WHEAT,WINTER,AREA PLANTED,ALL UTILIZATION PRACTICES,ACRES,36576000
SURVEY,2006,WHEAT,WINTER,AREA PLANTED,ALL UTILIZATION PRACTICES,ACRES,40565000
SURVEY,1995,WHEAT,WINTER,AREA PLANTED,ALL UTILIZATION PRACTICES,ACRES,48591000
SURVEY,1996,WHEAT,WINTER,AREA PLANTED,ALL UTILIZATION PRACTICES,ACRES,51445000
SURVEY,1998,WHEAT,WINTER,AREA PLANTED,ALL UTILIZATION PRACTICES,ACRES,46449000
SURVEY,1999,WHEAT,WINTER,AREA PLANTED,ALL UTILIZATION PRACTICES,ACRES,43281000
SURVEY,2001,WHEAT,WINTER,AREA PLANTED,ALL UTILIZATION PRACTICES,ACRES,40943000
SURVEY,2005,WHEAT,WINTER,AREA PLANTED,ALL UTILIZATION PRACTICES,ACRES,40418000
SURVEY,2000,WHEAT,WINTER,AREA PLANTED,ALL UTILIZATION PRACTICES,ACRES,43313000
SURVEY,1993,WHEAT,WINTER,AREA PLANTED,ALL UTILIZATION PRACTICES,ACRES,51587000
SURVEY,1992,WHEAT,WINTER,AREA PLANTED,ALL UTILIZATION PRACTICES,ACRES,50922000
SURVEY,2004,WHEAT,WINTER,AREA PLANTED,ALL UTILIZATION PRACTICES,ACRES,43320000
SURVEY,2003,WHEAT,WINTER,AREA PLANTED,ALL UTILIZATION PRACTICES,ACRES,45384000
SURVEY,2008,WHEAT,WINTER,AREA PLANTED,ALL UTILIZATION PRACTICES,ACRES,46781000
SURVEY,1991,WHEAT,WINTER,AREA PLANTED,ALL UTILIZATION PRACTICES,ACRES,51024000
SURVEY,1994,WHEAT,WINTER,AREA PLANTED,ALL UTILIZATION PRACTICES,ACRES,49197000
SURVEY,2011,WHEAT,WINTER,AREA PLANTED,ALL UTILIZATION PRACTICES,ACRES,40596000
SURVEY,2012,WHEAT,WINTER,AREA PLANTED,ALL UTILIZATION PRACTICES,ACRES,40897000
SURVEY,1990,WHEAT,WINTER,AREA PLANTED,ALL UTILIZATION PRACTICES,ACRES,56748000
SURVEY,2013,WHEAT,WINTER,AREA PLANTED,ALL UTILIZATION PRACTICES,ACRES,43230000
SURVEY,2014,WHEAT,WINTER,AREA PLANTED,ALL UTILIZATION PRACTICES,ACRES,42409000
SURVEY,2015,WHEAT,WINTER,AREA PLANTED,ALL UTILIZATION PRACTICES,ACRES,39681000
SURVEY,2016,WHEAT,WINTER,AREA PLANTED,ALL UTILIZATION PRACTICES,ACRES,36149000
SURVEY,2017,WHEAT,WINTER,AREA PLANTED,ALL UTILIZATION PRACTICES,ACRES,32726000
SURVEY,2018,WHEAT,WINTER,AREA PLANTED,ALL UTILIZATION PRACTICES,ACRES,32542000
SURVEY,2019,WHEAT,WINTER,AREA PLANTED,ALL UTILIZATION PRACTICES,ACRES,31159000
SURVEY,2020,WHEAT,WINTER,AREA PLANTED,ALL UTILIZATION PRACTICES,ACRES,30775000
SURVEY,2002,WHEAT,WINTER,PRODUCTION,ALL UTILIZATION PRACTICES,BU,1137001000
SURVEY,1997,WHEAT,WINTER,PRODUCTION,ALL UTILIZATION PRACTICES,BU,1845528000
SURVEY,2007,WHEAT,WINTER,PRODUCTION,ALL UTILIZATION PRACTICES,BU,1499241000
SURVEY,2009,WHEAT,WINTER,PRODUCTION,ALL UTILIZATION PRACTICES,BU,1521077000
SURVEY,2010,WHEAT,WINTER,PRODUCTION,ALL UTILIZATION PRACTICES,BU,1452313000
SURVEY,2006,WHEAT,WINTER,PRODUCTION,ALL UTILIZATION PRACTICES,BU,1294461000
SURVEY,1995,WHEAT,WINTER,PRODUCTION,ALL UTILIZATION PRACTICES,BU,1545303000
SURVEY,1996,WHEAT,WINTER,PRODUCTION,ALL UTILIZATION PRACTICES,BU,1469618000
SURVEY,1998,WHEAT,WINTER,PRODUCTION,ALL UTILIZATION PRACTICES,BU,1880733000
SURVEY,1999,WHEAT,WINTER,PRODUCTION,ALL UTILIZATION PRACTICES,BU,1693130000
SURVEY,2001,WHEAT,WINTER,PRODUCTION,ALL UTILIZATION PRACTICES,BU,1353119000
SURVEY,2005,WHEAT,WINTER,PRODUCTION,ALL UTILIZATION PRACTICES,BU,1497764000
SURVEY,2000,WHEAT,WINTER,PRODUCTION,ALL UTILIZATION PRACTICES,BU,1561723000
SURVEY,1993,WHEAT,WINTER,PRODUCTION,ALL UTILIZATION PRACTICES,BU,1760143000
SURVEY,1992,WHEAT,WINTER,PRODUCTION,ALL UTILIZATION PRACTICES,BU,1609284000
SURVEY,2004,WHEAT,WINTER,PRODUCTION,ALL UTILIZATION PRACTICES,BU,1497979000
SURVEY,2003,WHEAT,WINTER,PRODUCTION,ALL UTILIZATION PRACTICES,BU,1716376000
SURVEY,2008,WHEAT,WINTER,PRODUCTION,ALL UTILIZATION PRACTICES,BU,1885575000
SURVEY,1991,WHEAT,WINTER,PRODUCTION,ALL UTILIZATION PRACTICES,BU,1371617000
SURVEY,1994,WHEAT,WINTER,PRODUCTION,ALL UTILIZATION PRACTICES,BU,1661943000
SURVEY,2011,WHEAT,WINTER,PRODUCTION,ALL UTILIZATION PRACTICES,BU,1493130000
SURVEY,2012,WHEAT,WINTER,PRODUCTION,ALL UTILIZATION PRACTICES,BU,1630387000
SURVEY,1990,WHEAT,WINTER,PRODUCTION,ALL UTILIZATION PRACTICES,BU,2024224000
SURVEY,2013,WHEAT,WINTER,PRODUCTION,ALL UTILIZATION PRACTICES,BU,1542902000
SURVEY,2014,WHEAT,WINTER,PRODUCTION,ALL UTILIZATION PRACTICES,BU,1377216000
SURVEY,2015,WHEAT,WINTER,PRODUCTION,ALL UTILIZATION PRACTICES,BU,1374690000
SURVEY,2016,WHEAT,WINTER,PRODUCTION,ALL UTILIZATION PRACTICES,BU,1672522000
SURVEY,2017,WHEAT,WINTER,PRODUCTION,ALL UTILIZATION PRACTICES,BU,1270282000
SURVEY,2018,WHEAT,WINTER,PRODUCTION,ALL UTILIZATION PRACTICES,BU,1183939000
SURVEY,2019,WHEAT,WINTER,PRODUCTION,ALL UTILIZATION PRACTICES,BU,1304003000
SURVEY,2002,WHEAT,WINTER,YIELD,ALL UTILIZATION PRACTICES,BU / ACRE,38.2
SURVEY,1997,WHEAT,WINTER,YIELD,ALL UTILIZATION PRACTICES,BU / ACRE,44.6
SURVEY,2007,WHEAT,WINTER,YIELD,ALL UTILIZATION PRACTICES,BU / ACRE,41.7
SURVEY,2009,WHEAT,WINTER,YIELD,ALL UTILIZATION PRACTICES,BU / ACRE,44
SURVEY,2010,WHEAT,WINTER,YIELD,ALL UTILIZATION PRACTICES,BU / ACRE,46.5
SURVEY,2006,WHEAT,WINTER,YIELD,ALL UTILIZATION PRACTICES,BU / ACRE,41.6
SURVEY,1995,WHEAT,WINTER,YIELD,ALL UTILIZATION PRACTICES,BU / ACRE,37.7
SURVEY,1996,WHEAT,WINTER,YIELD,ALL UTILIZATION PRACTICES,BU / ACRE,37.1
SURVEY,1998,WHEAT,WINTER,YIELD,ALL UTILIZATION PRACTICES,BU / ACRE,46.9
SURVEY,1999,WHEAT,WINTER,YIELD,ALL UTILIZATION PRACTICES,BU / ACRE,47.8
SURVEY,2001,WHEAT,WINTER,YIELD,ALL UTILIZATION PRACTICES,BU / ACRE,43.4
SURVEY,2005,WHEAT,WINTER,YIELD,ALL UTILIZATION PRACTICES,BU / ACRE,44.3
SURVEY,2000,WHEAT,WINTER,YIELD,ALL UTILIZATION PRACTICES,BU / ACRE,44.6
SURVEY,1993,WHEAT,WINTER,YIELD,ALL UTILIZATION PRACTICES,BU / ACRE,40.2
SURVEY,1992,WHEAT,WINTER,YIELD,ALL UTILIZATION PRACTICES,BU / ACRE,38.2
SURVEY,2004,WHEAT,WINTER,YIELD,ALL UTILIZATION PRACTICES,BU / ACRE,43.5
SURVEY,2003,WHEAT,WINTER,YIELD,ALL UTILIZATION PRACTICES,BU / ACRE,46.7
SURVEY,2008,WHEAT,WINTER,YIELD,ALL UTILIZATION PRACTICES,BU / ACRE,47.1
SURVEY,1991,WHEAT,WINTER,YIELD,ALL UTILIZATION PRACTICES,BU / ACRE,34.7
SURVEY,1994,WHEAT,WINTER,YIELD,ALL UTILIZATION PRACTICES,BU / ACRE,40.2
SURVEY,2011,WHEAT,WINTER,YIELD,ALL UTILIZATION PRACTICES,BU / ACRE,46.1
SURVEY,2012,WHEAT,WINTER,YIELD,ALL UTILIZATION PRACTICES,BU / ACRE,47.1
SURVEY,1990,WHEAT,WINTER,YIELD,ALL UTILIZATION PRACTICES,BU / ACRE,40.7
SURVEY,2013,WHEAT,WINTER,YIELD,ALL UTILIZATION PRACTICES,BU / ACRE,47.3
SURVEY,2014,WHEAT,WINTER,YIELD,ALL UTILIZATION PRACTICES,BU / ACRE,42.6
SURVEY,2015,WHEAT,WINTER,YIELD,ALL UTILIZATION PRACTICES,BU / ACRE,42.5
SURVEY,2016,WHEAT,WINTER,YIELD,ALL UTILIZATION PRACTICES,BU / ACRE,55.3
SURVEY,2017,WHEAT,WINTER,YIELD,ALL UTILIZATION PRACTICES,BU / ACRE,50.2
SURVEY,2018,WHEAT,WINTER,YIELD,ALL UTILIZATION PRACTICES,BU / ACRE,47.9
SURVEY,2019,WHEAT,WINTER,YIELD,ALL UTILIZATION PRACTICES,BU / ACRE,53.6
SURVEY,2002,CORN,ALL CLASSES,AREA PLANTED,ALL UTILIZATION PRACTICES,ACRES,78894000
SURVEY,1997,CORN,ALL CLASSES,AREA PLANTED,ALL UTILIZATION PRACTICES,ACRES,79537000
SURVEY,2007,CORN,ALL CLASSES,AREA PLANTED,ALL UTILIZATION PRACTICES,ACRES,93527000
SURVEY,2009,CORN,ALL CLASSES,AREA PLANTED,ALL UTILIZATION PRACTICES,ACRES,86382000
SURVEY,2010,CORN,ALL CLASSES,AREA PLANTED,ALL UTILIZATION PRACTICES,ACRES,88192000
SURVEY,2006,CORN,ALL CLASSES,AREA PLANTED,ALL UTILIZATION PRACTICES,ACRES,78327000
SURVEY,1995,CORN,ALL CLASSES,AREA PLANTED,ALL UTILIZATION PRACTICES,ACRES,71479000
SURVEY,1996,CORN,ALL CLASSES,AREA PLANTED,ALL UTILIZATION PRACTICES,ACRES,79229000
SURVEY,1998,CORN,ALL CLASSES,AREA PLANTED,ALL UTILIZATION PRACTICES,ACRES,80165000
SURVEY,1999,CORN,ALL CLASSES,AREA PLANTED,ALL UTILIZATION PRACTICES,ACRES,77386000
SURVEY,2001,CORN,ALL CLASSES,AREA PLANTED,ALL UTILIZATION PRACTICES,ACRES,75702000
SURVEY,2005,CORN,ALL CLASSES,AREA PLANTED,ALL UTILIZATION PRACTICES,ACRES,81779000
SURVEY,2000,CORN,ALL CLASSES,AREA PLANTED,ALL UTILIZATION PRACTICES,ACRES,79551000
SURVEY,1993,CORN,ALL CLASSES,AREA PLANTED,ALL UTILIZATION PRACTICES,ACRES,73239000
SURVEY,1992,CORN,ALL CLASSES,AREA PLANTED,ALL UTILIZATION PRACTICES,ACRES,79311000
SURVEY,2004,CORN,ALL CLASSES,AREA PLANTED,ALL UTILIZATION PRACTICES,ACRES,80929000
SURVEY,2003,CORN,ALL CLASSES,AREA PLANTED,ALL UTILIZATION PRACTICES,ACRES,78603000
SURVEY,2008,CORN,ALL CLASSES,AREA PLANTED,ALL UTILIZATION PRACTICES,ACRES,85982000
SURVEY,1991,CORN,ALL CLASSES,AREA PLANTED,ALL UTILIZATION PRACTICES,ACRES,75957000
SURVEY,1994,CORN,ALL CLASSES,AREA PLANTED,ALL UTILIZATION PRACTICES,ACRES,78921000
SURVEY,2011,CORN,ALL CLASSES,AREA PLANTED,ALL UTILIZATION PRACTICES,ACRES,91936000
SURVEY,2012,CORN,ALL CLASSES,AREA PLANTED,ALL UTILIZATION PRACTICES,ACRES,97291000
SURVEY,1990,CORN,ALL CLASSES,AREA PLANTED,ALL UTILIZATION PRACTICES,ACRES,74166000
SURVEY,2013,CORN,ALL CLASSES,AREA PLANTED,ALL UTILIZATION PRACTICES,ACRES,95365000
SURVEY,2014,CORN,ALL CLASSES,AREA PLANTED,ALL UTILIZATION PRACTICES,ACRES,90597000
SURVEY,2015,CORN,ALL CLASSES,AREA PLANTED,ALL UTILIZATION PRACTICES,ACRES,88019000
SURVEY,2016,CORN,ALL CLASSES,AREA PLANTED,ALL UTILIZATION PRACTICES,ACRES,94004000
SURVEY,2017,CORN,ALL CLASSES,AREA PLANTED,ALL UTILIZATION PRACTICES,ACRES,90167000
SURVEY,2018,CORN,ALL CLASSES,AREA PLANTED,ALL UTILIZATION PRACTICES,ACRES,88871000
SURVEY,2019,CORN,ALL CLASSES,AREA PLANTED,ALL UTILIZATION PRACTICES,ACRES,89700000
SURVEY,2020,CORN,ALL CLASSES,AREA PLANTED,ALL UTILIZATION PRACTICES,ACRES,96990000
SURVEY,2002,COTTON,ALL CLASSES,YIELD,ALL UTILIZATION PRACTICES,LB / ACRE,665
SURVEY,1997,COTTON,ALL CLASSES,YIELD,ALL UTILIZATION PRACTICES,LB / ACRE,673
SURVEY,2007,COTTON,ALL CLASSES,YIELD,ALL UTILIZATION PRACTICES,LB / ACRE,879
SURVEY,2009,COTTON,ALL CLASSES,YIELD,ALL UTILIZATION PRACTICES,LB / ACRE,776
SURVEY,2010,COTTON,ALL CLASSES,YIELD,ALL UTILIZATION PRACTICES,LB / ACRE,812
SURVEY,2006,COTTON,ALL CLASSES,YIELD,ALL UTILIZATION PRACTICES,LB / ACRE,814
SURVEY,1995,COTTON,ALL CLASSES,YIELD,ALL UTILIZATION PRACTICES,LB / ACRE,537
SURVEY,1996,COTTON,ALL CLASSES,YIELD,ALL UTILIZATION PRACTICES,LB / ACRE,705
SURVEY,1998,COTTON,ALL CLASSES,YIELD,ALL UTILIZATION PRACTICES,LB / ACRE,625
SURVEY,1999,COTTON,ALL CLASSES,YIELD,ALL UTILIZATION PRACTICES,LB / ACRE,607
SURVEY,2001,COTTON,ALL CLASSES,YIELD,ALL UTILIZATION PRACTICES,LB / ACRE,705
SURVEY,2005,COTTON,ALL CLASSES,YIELD,ALL UTILIZATION PRACTICES,LB / ACRE,831
SURVEY,2000,COTTON,ALL CLASSES,YIELD,ALL UTILIZATION PRACTICES,LB / ACRE,632
SURVEY,1993,COTTON,ALL CLASSES,YIELD,ALL UTILIZATION PRACTICES,LB / ACRE,606
SURVEY,1992,COTTON,ALL CLASSES,YIELD,ALL UTILIZATION PRACTICES,LB / ACRE,700
SURVEY,2004,COTTON,ALL CLASSES,YIELD,ALL UTILIZATION PRACTICES,LB / ACRE,855
SURVEY,2003,COTTON,ALL CLASSES,YIELD,ALL UTILIZATION PRACTICES,LB / ACRE,730
SURVEY,2008,COTTON,ALL CLASSES,YIELD,ALL UTILIZATION PRACTICES,LB / ACRE,813
SURVEY,1991,COTTON,ALL CLASSES,YIELD,ALL UTILIZATION PRACTICES,LB / ACRE,652
SURVEY,1994,COTTON,ALL CLASSES,YIELD,ALL UTILIZATION PRACTICES,LB / ACRE,708
SURVEY,2011,COTTON,ALL CLASSES,YIELD,ALL UTILIZATION PRACTICES,LB / ACRE,790
SURVEY,2012,COTTON,ALL CLASSES,YIELD,ALL UTILIZATION PRACTICES,LB / ACRE,892
SURVEY,1990,COTTON,ALL CLASSES,YIELD,ALL UTILIZATION PRACTICES,LB / ACRE,634
SURVEY,2013,COTTON,ALL CLASSES,YIELD,ALL UTILIZATION PRACTICES,LB / ACRE,822
SURVEY,2014,COTTON,ALL CLASSES,YIELD,ALL UTILIZATION PRACTICES,LB / ACRE,838
SURVEY,2015,COTTON,ALL CLASSES,YIELD,ALL UTILIZATION PRACTICES,LB / ACRE,766
SURVEY,2016,COTTON,ALL CLASSES,YIELD,ALL UTILIZATION PRACTICES,LB / ACRE,867
SURVEY,2017,COTTON,ALL CLASSES,YIELD,ALL UTILIZATION PRACTICES,LB / ACRE,905
SURVEY,2018,COTTON,ALL CLASSES,YIELD,ALL UTILIZATION PRACTICES,LB / ACRE,864
SURVEY,2019,COTTON,ALL CLASSES,YIELD,ALL UTILIZATION PRACTICES,LB / ACRE,817
SURVEY,2002,COTTON,PIMA,YIELD,ALL UTILIZATION PRACTICES,LB / ACRE,1342
SURVEY,1997,COTTON,PIMA,YIELD,ALL UTILIZATION PRACTICES,LB / ACRE,1056
SURVEY,2007,COTTON,PIMA,YIELD,ALL UTILIZATION PRACTICES,LB / ACRE,1419
SURVEY,2009,COTTON,PIMA,YIELD,ALL UTILIZATION PRACTICES,LB / ACRE,1391
SURVEY,2010,COTTON,PIMA,YIELD,ALL UTILIZATION PRACTICES,LB / ACRE,1199
SURVEY,2006,COTTON,PIMA,YIELD,ALL UTILIZATION PRACTICES,LB / ACRE,1136
SURVEY,1995,COTTON,PIMA,YIELD,ALL UTILIZATION PRACTICES,LB / ACRE,836
SURVEY,1996,COTTON,PIMA,YIELD,ALL UTILIZATION PRACTICES,LB / ACRE,991
SURVEY,1998,COTTON,PIMA,YIELD,ALL UTILIZATION PRACTICES,LB / ACRE,904
SURVEY,1999,COTTON,PIMA,YIELD,ALL UTILIZATION PRACTICES,LB / ACRE,1128
SURVEY,2001,COTTON,PIMA,YIELD,ALL UTILIZATION PRACTICES,LB / ACRE,1254
SURVEY,2005,COTTON,PIMA,YIELD,ALL UTILIZATION PRACTICES,LB / ACRE,1127
SURVEY,2000,COTTON,PIMA,YIELD,ALL UTILIZATION PRACTICES,LB / ACRE,1105
SURVEY,1993,COTTON,PIMA,YIELD,ALL UTILIZATION PRACTICES,LB / ACRE,938
SURVEY,1992,COTTON,PIMA,YIELD,ALL UTILIZATION PRACTICES,LB / ACRE,938
SURVEY,2004,COTTON,PIMA,YIELD,ALL UTILIZATION PRACTICES,LB / ACRE,1443
SURVEY,2003,COTTON,PIMA,YIELD,ALL UTILIZATION PRACTICES,LB / ACRE,1170
SURVEY,2008,COTTON,PIMA,YIELD,ALL UTILIZATION PRACTICES,LB / ACRE,1226
SURVEY,1991,COTTON,PIMA,YIELD,ALL UTILIZATION PRACTICES,LB / ACRE,784
SURVEY,1994,COTTON,PIMA,YIELD,ALL UTILIZATION PRACTICES,LB / ACRE,974
SURVEY,2011,COTTON,PIMA,YIELD,ALL UTILIZATION PRACTICES,LB / ACRE,1340
SURVEY,2012,COTTON,PIMA,YIELD,ALL UTILIZATION PRACTICES,LB / ACRE,1581
SURVEY,1990,COTTON,PIMA,YIELD,ALL UTILIZATION PRACTICES,LB / ACRE,758
SURVEY,2013,COTTON,PIMA,YIELD,ALL UTILIZATION PRACTICES,LB / ACRE,1527
SURVEY,2014,COTTON,PIMA,YIELD,ALL UTILIZATION PRACTICES,LB / ACRE,1432
SURVEY,2015,COTTON,PIMA,YIELD,ALL UTILIZATION PRACTICES,LB / ACRE,1342
SURVEY,2016,COTTON,PIMA,YIELD,ALL UTILIZATION PRACTICES,LB / ACRE,1454
SURVEY,2017,COTTON,PIMA,YIELD,ALL UTILIZATION PRACTICES,LB / ACRE,1341
SURVEY,2018,COTTON,PIMA,YIELD,ALL UTILIZATION PRACTICES,LB / ACRE,1545
SURVEY,2019,COTTON,PIMA,YIELD,ALL UTILIZATION PRACTICES,LB / ACRE,1544
SURVEY,2002,COTTON,UPLAND,YIELD,ALL UTILIZATION PRACTICES,LB / ACRE,652
SURVEY,1997,COTTON,UPLAND,YIELD,ALL UTILIZATION PRACTICES,LB / ACRE,666
SURVEY,2007,COTTON,UPLAND,YIELD,ALL UTILIZATION PRACTICES,LB / ACRE,864
SURVEY,2009,COTTON,UPLAND,YIELD,ALL UTILIZATION PRACTICES,LB / ACRE,765
SURVEY,2010,COTTON,UPLAND,YIELD,ALL UTILIZATION PRACTICES,LB / ACRE,805
SURVEY,2006,COTTON,UPLAND,YIELD,ALL UTILIZATION PRACTICES,LB / ACRE,806
SURVEY,1995,COTTON,UPLAND,YIELD,ALL UTILIZATION PRACTICES,LB / ACRE,533
SURVEY,1996,COTTON,UPLAND,YIELD,ALL UTILIZATION PRACTICES,LB / ACRE,700
SURVEY,1998,COTTON,UPLAND,YIELD,ALL UTILIZATION PRACTICES,LB / ACRE,619
SURVEY,1999,COTTON,UPLAND,YIELD,ALL UTILIZATION PRACTICES,LB / ACRE,595
SURVEY,2001,COTTON,UPLAND,YIELD,ALL UTILIZATION PRACTICES,LB / ACRE,694
SURVEY,2005,COTTON,UPLAND,YIELD,ALL UTILIZATION PRACTICES,LB / ACRE,825
SURVEY,2000,COTTON,UPLAND,YIELD,ALL UTILIZATION PRACTICES,LB / ACRE,626
SURVEY,1993,COTTON,UPLAND,YIELD,ALL UTILIZATION PRACTICES,LB / ACRE,601
SURVEY,1992,COTTON,UPLAND,YIELD,ALL UTILIZATION PRACTICES,LB / ACRE,694
SURVEY,2004,COTTON,UPLAND,YIELD,ALL UTILIZATION PRACTICES,LB / ACRE,843
SURVEY,2003,COTTON,UPLAND,YIELD,ALL UTILIZATION PRACTICES,LB / ACRE,723
SURVEY,2008,COTTON,UPLAND,YIELD,ALL UTILIZATION PRACTICES,LB / ACRE,804
SURVEY,1991,COTTON,UPLAND,YIELD,ALL UTILIZATION PRACTICES,LB / ACRE,650
SURVEY,1994,COTTON,UPLAND,YIELD,ALL UTILIZATION PRACTICES,LB / ACRE,705
SURVEY,2011,COTTON,UPLAND,YIELD,ALL UTILIZATION PRACTICES,LB / ACRE,772
SURVEY,2012,COTTON,UPLAND,YIELD,ALL UTILIZATION PRACTICES,LB / ACRE,874
SURVEY,1990,COTTON,UPLAND,YIELD,ALL UTILIZATION PRACTICES,LB / ACRE,632
SURVEY,2013,COTTON,UPLAND,YIELD,ALL UTILIZATION PRACTICES,LB / ACRE,803
SURVEY,2014,COTTON,UPLAND,YIELD,ALL UTILIZATION PRACTICES,LB / ACRE,825
SURVEY,2015,COTTON,UPLAND,YIELD,ALL UTILIZATION PRACTICES,LB / ACRE,755
SURVEY,2016,COTTON,UPLAND,YIELD,ALL UTILIZATION PRACTICES,LB / ACRE,855
SURVEY,2017,COTTON,UPLAND,YIELD,ALL UTILIZATION PRACTICES,LB / ACRE,895
SURVEY,2018,COTTON,UPLAND,YIELD,ALL UTILIZATION PRACTICES,LB / ACRE,847
SURVEY,2019,COTTON,UPLAND,YIELD,ALL UTILIZATION PRACTICES,LB / ACRE,803
SURVEY,2002,RICE,ALL CLASSES,YIELD,ALL UTILIZATION PRACTICES,LB / ACRE,6578
SURVEY,1997,RICE,ALL CLASSES,YIELD,ALL UTILIZATION PRACTICES,LB / ACRE,5897
SURVEY,2007,RICE,ALL CLASSES,YIELD,ALL UTILIZATION PRACTICES,LB / ACRE,7219
SURVEY,2009,RICE,ALL CLASSES,YIELD,ALL UTILIZATION PRACTICES,LB / ACRE,7085
SURVEY,2010,RICE,ALL CLASSES,YIELD,ALL UTILIZATION PRACTICES,LB / ACRE,6725
SURVEY,2006,RICE,ALL CLASSES,YIELD,ALL UTILIZATION PRACTICES,LB / ACRE,6898
SURVEY,1995,RICE,ALL CLASSES,YIELD,ALL UTILIZATION PRACTICES,LB / ACRE,5621
SURVEY,1996,RICE,ALL CLASSES,YIELD,ALL UTILIZATION PRACTICES,LB / ACRE,6120
SURVEY,1998,RICE,ALL CLASSES,YIELD,ALL UTILIZATION PRACTICES,LB / ACRE,5663
SURVEY,1999,RICE,ALL CLASSES,YIELD,ALL UTILIZATION PRACTICES,LB / ACRE,5866
SURVEY,2001,RICE,ALL CLASSES,YIELD,ALL UTILIZATION PRACTICES,LB / ACRE,6496
SURVEY,2005,RICE,ALL CLASSES,YIELD,ALL UTILIZATION PRACTICES,LB / ACRE,6624
SURVEY,2000,RICE,ALL CLASSES,YIELD,ALL UTILIZATION PRACTICES,LB / ACRE,6281
SURVEY,1993,RICE,ALL CLASSES,YIELD,ALL UTILIZATION PRACTICES,LB / ACRE,5510
SURVEY,1992,RICE,ALL CLASSES,YIELD,ALL UTILIZATION PRACTICES,LB / ACRE,5736
SURVEY,2004,RICE,ALL CLASSES,YIELD,ALL UTILIZATION PRACTICES,LB / ACRE,6988
SURVEY,2003,RICE,ALL CLASSES,YIELD,ALL UTILIZATION PRACTICES,LB / ACRE,6670
SURVEY,2008,RICE,ALL CLASSES,YIELD,ALL UTILIZATION PRACTICES,LB / ACRE,6846
SURVEY,1991,RICE,ALL CLASSES,YIELD,ALL UTILIZATION PRACTICES,LB / ACRE,5731
SURVEY,1994,RICE,ALL CLASSES,YIELD,ALL UTILIZATION PRACTICES,LB / ACRE,5964
SURVEY,2011,RICE,ALL CLASSES,YIELD,ALL UTILIZATION PRACTICES,LB / ACRE,7067
SURVEY,2012,RICE,ALL CLASSES,YIELD,ALL UTILIZATION PRACTICES,LB / ACRE,7463
SURVEY,1990,RICE,ALL CLASSES,YIELD,ALL UTILIZATION PRACTICES,LB / ACRE,5529
SURVEY,2013,RICE,ALL CLASSES,YIELD,ALL UTILIZATION PRACTICES,LB / ACRE,7694
SURVEY,2014,RICE,ALL CLASSES,YIELD,ALL UTILIZATION PRACTICES,LB / ACRE,7576
SURVEY,2015,RICE,ALL CLASSES,YIELD,ALL UTILIZATION PRACTICES,LB / ACRE,7472
SURVEY,2016,RICE,ALL CLASSES,YIELD,ALL UTILIZATION PRACTICES,LB / ACRE,7237
SURVEY,2017,RICE,ALL CLASSES,YIELD,ALL UTILIZATION PRACTICES,LB / ACRE,7507
SURVEY,2018,RICE,ALL CLASSES,YIELD,ALL UTILIZATION PRACTICES,LB / ACRE,7692
SURVEY,2019,RICE,ALL CLASSES,YIELD,ALL UTILIZATION PRACTICES,LB / ACRE,7471
SURVEY,2002,WHEAT,"SPRING, (EXCL DURUM)",YIELD,ALL UTILIZATION PRACTICES,BU / ACRE,29.1
SURVEY,1997,WHEAT,"SPRING, (EXCL DURUM)",YIELD,ALL UTILIZATION PRACTICES,BU / ACRE,29.9
SURVEY,2007,WHEAT,"SPRING, (EXCL DURUM)",YIELD,ALL UTILIZATION PRACTICES,BU / ACRE,37.1
SURVEY,2009,WHEAT,"SPRING, (EXCL DURUM)",YIELD,ALL UTILIZATION PRACTICES,BU / ACRE,45.2
SURVEY,2010,WHEAT,"SPRING, (EXCL DURUM)",YIELD,ALL UTILIZATION PRACTICES,BU / ACRE,46.1
SURVEY,2006,WHEAT,"SPRING, (EXCL DURUM)",YIELD,ALL UTILIZATION PRACTICES,BU / ACRE,33.2
SURVEY,1995,WHEAT,"SPRING, (EXCL DURUM)",YIELD,ALL UTILIZATION PRACTICES,BU / ACRE,32.2
SURVEY,1996,WHEAT,"SPRING, (EXCL DURUM)",YIELD,ALL UTILIZATION PRACTICES,BU / ACRE,35.1
SURVEY,1998,WHEAT,"SPRING, (EXCL DURUM)",YIELD,ALL UTILIZATION PRACTICES,BU / ACRE,34.9
SURVEY,1999,WHEAT,"SPRING, (EXCL DURUM)",YIELD,ALL UTILIZATION PRACTICES,BU / ACRE,34.1
SURVEY,2001,WHEAT,"SPRING, (EXCL DURUM)",YIELD,ALL UTILIZATION PRACTICES,BU / ACRE,35.2
SURVEY,2005,WHEAT,"SPRING, (EXCL DURUM)",YIELD,ALL UTILIZATION PRACTICES,BU / ACRE,37.1
SURVEY,2000,WHEAT,"SPRING, (EXCL DURUM)",YIELD,ALL UTILIZATION PRACTICES,BU / ACRE,38.4
SURVEY,1993,WHEAT,"SPRING, (EXCL DURUM)",YIELD,ALL UTILIZATION PRACTICES,BU / ACRE,33.7
SURVEY,1992,WHEAT,"SPRING, (EXCL DURUM)",YIELD,ALL UTILIZATION PRACTICES,BU / ACRE,41.8
SURVEY,2004,WHEAT,"SPRING, (EXCL DURUM)",YIELD,ALL UTILIZATION PRACTICES,BU / ACRE,43.2
SURVEY,2003,WHEAT,"SPRING, (EXCL DURUM)",YIELD,ALL UTILIZATION PRACTICES,BU / ACRE,39.5
SURVEY,2008,WHEAT,"SPRING, (EXCL DURUM)",YIELD,ALL UTILIZATION PRACTICES,BU / ACRE,40.5
SURVEY,1991,WHEAT,"SPRING, (EXCL DURUM)",YIELD,ALL UTILIZATION PRACTICES,BU / ACRE,33.4
SURVEY,1994,WHEAT,"SPRING, (EXCL DURUM)",YIELD,ALL UTILIZATION PRACTICES,BU / ACRE,31.8
SURVEY,2011,WHEAT,"SPRING, (EXCL DURUM)",YIELD,ALL UTILIZATION PRACTICES,BU / ACRE,37.7
SURVEY,2012,WHEAT,"SPRING, (EXCL DURUM)",YIELD,ALL UTILIZATION PRACTICES,BU / ACRE,44.9
SURVEY,1990,WHEAT,"SPRING, (EXCL DURUM)",YIELD,ALL UTILIZATION PRACTICES,BU / ACRE,36.7
SURVEY,2013,WHEAT,"SPRING, (EXCL DURUM)",YIELD,ALL UTILIZATION PRACTICES,BU / ACRE,47.1
SURVEY,2014,WHEAT,"SPRING, (EXCL DURUM)",YIELD,ALL UTILIZATION PRACTICES,BU / ACRE,46.7
SURVEY,2015,WHEAT,"SPRING, (EXCL DURUM)",YIELD,ALL UTILIZATION PRACTICES,BU / ACRE,46.2
SURVEY,2016,WHEAT,"SPRING, (EXCL DURUM)",YIELD,ALL UTILIZATION PRACTICES,BU / ACRE,47.3
SURVEY,2017,WHEAT,"SPRING, (EXCL DURUM)",YIELD,ALL UTILIZATION PRACTICES,BU / ACRE,41
SURVEY,2018,WHEAT,"SPRING, (EXCL DURUM)",YIELD,ALL UTILIZATION PRACTICES,BU / ACRE,48.3
SURVEY,2019,WHEAT,"SPRING, (EXCL DURUM)",YIELD,ALL UTILIZATION PRACTICES,BU / ACRE,48.2
SURVEY,2002,WHEAT,"SPRING, DURUM",YIELD,ALL UTILIZATION PRACTICES,BU / ACRE,29.5
SURVEY,1997,WHEAT,"SPRING, DURUM",YIELD,ALL UTILIZATION PRACTICES,BU / ACRE,27.6
SURVEY,2007,WHEAT,"SPRING, DURUM",YIELD,ALL UTILIZATION PRACTICES,BU / ACRE,34.1
SURVEY,2009,WHEAT,"SPRING, DURUM",YIELD,ALL UTILIZATION PRACTICES,BU / ACRE,44
SURVEY,2010,WHEAT,"SPRING, DURUM",YIELD,ALL UTILIZATION PRACTICES,BU / ACRE,41.2
SURVEY,2006,WHEAT,"SPRING, DURUM",YIELD,ALL UTILIZATION PRACTICES,BU / ACRE,29.5
SURVEY,1995,WHEAT,"SPRING, DURUM",YIELD,ALL UTILIZATION PRACTICES,BU / ACRE,30.5
SURVEY,1996,WHEAT,"SPRING, DURUM",YIELD,ALL UTILIZATION PRACTICES,BU / ACRE,32.6
SURVEY,1998,WHEAT,"SPRING, DURUM",YIELD,ALL UTILIZATION PRACTICES,BU / ACRE,37
SURVEY,1999,WHEAT,"SPRING, DURUM",YIELD,ALL UTILIZATION PRACTICES,BU / ACRE,27.8
SURVEY,2001,WHEAT,"SPRING, DURUM",YIELD,ALL UTILIZATION PRACTICES,BU / ACRE,30
SURVEY,2005,WHEAT,"SPRING, DURUM",YIELD,ALL UTILIZATION PRACTICES,BU / ACRE,37.2
SURVEY,2000,WHEAT,"SPRING, DURUM",YIELD,ALL UTILIZATION PRACTICES,BU / ACRE,30.7
SURVEY,1993,WHEAT,"SPRING, DURUM",YIELD,ALL UTILIZATION PRACTICES,BU / ACRE,33.6
SURVEY,1992,WHEAT,"SPRING, DURUM",YIELD,ALL UTILIZATION PRACTICES,BU / ACRE,39.7
SURVEY,2004,WHEAT,"SPRING, DURUM",YIELD,ALL UTILIZATION PRACTICES,BU / ACRE,38
SURVEY,2003,WHEAT,"SPRING, DURUM",YIELD,ALL UTILIZATION PRACTICES,BU / ACRE,33.7
SURVEY,2008,WHEAT,"SPRING, DURUM",YIELD,ALL UTILIZATION PRACTICES,BU / ACRE,31.3
SURVEY,1991,WHEAT,"SPRING, DURUM",YIELD,ALL UTILIZATION PRACTICES,BU / ACRE,32.5
SURVEY,1994,WHEAT,"SPRING, DURUM",YIELD,ALL UTILIZATION PRACTICES,BU / ACRE,35.6
SURVEY,2011,WHEAT,"SPRING, DURUM",YIELD,ALL UTILIZATION PRACTICES,BU / ACRE,36.8
SURVEY,2012,WHEAT,"SPRING, DURUM",YIELD,ALL UTILIZATION PRACTICES,BU / ACRE,38.4
SURVEY,1990,WHEAT,"SPRING, DURUM",YIELD,ALL UTILIZATION PRACTICES,BU / ACRE,34.9
SURVEY,2013,WHEAT,"SPRING, DURUM",YIELD,ALL UTILIZATION PRACTICES,BU / ACRE,43.3
SURVEY,2014,WHEAT,"SPRING, DURUM",YIELD,ALL UTILIZATION PRACTICES,BU / ACRE,40.2
SURVEY,2015,WHEAT,"SPRING, DURUM",YIELD,ALL UTILIZATION PRACTICES,BU / ACRE,44
SURVEY,2016,WHEAT,"SPRING, DURUM",YIELD,ALL UTILIZATION PRACTICES,BU / ACRE,44
SURVEY,2017,WHEAT,"SPRING, DURUM",YIELD,ALL UTILIZATION PRACTICES,BU / ACRE,26
SURVEY,2018,WHEAT,"SPRING, DURUM",YIELD,ALL UTILIZATION PRACTICES,BU / ACRE,39.5
SURVEY,2019,WHEAT,"SPRING, DURUM",YIELD,ALL UTILIZATION PRACTICES,BU / ACRE,45.7
SURVEY,2002,SOYBEANS,ALL CLASSES,YIELD,ALL UTILIZATION PRACTICES,BU / ACRE,38
SURVEY,1997,SOYBEANS,ALL CLASSES,YIELD,ALL UTILIZATION PRACTICES,BU / ACRE,38.9
SURVEY,2007,SOYBEANS,ALL CLASSES,YIELD,ALL UTILIZATION PRACTICES,BU / ACRE,41.7
SURVEY,2009,SOYBEANS,ALL CLASSES,YIELD,ALL UTILIZATION PRACTICES,BU / ACRE,44
SURVEY,2010,SOYBEANS,ALL CLASSES,YIELD,ALL UTILIZATION PRACTICES,BU / ACRE,43.5
SURVEY,2006,SOYBEANS,ALL CLASSES,YIELD,ALL UTILIZATION PRACTICES,BU / ACRE,42.9
SURVEY,1995,SOYBEANS,ALL CLASSES,YIELD,ALL UTILIZATION PRACTICES,BU / ACRE,35.3
SURVEY,1996,SOYBEANS,ALL CLASSES,YIELD,ALL UTILIZATION PRACTICES,BU / ACRE,37.6
SURVEY,1998,SOYBEANS,ALL CLASSES,YIELD,ALL UTILIZATION PRACTICES,BU / ACRE,38.9
SURVEY,1999,SOYBEANS,ALL CLASSES,YIELD,ALL UTILIZATION PRACTICES,BU / ACRE,36.6
SURVEY,2001,SOYBEANS,ALL CLASSES,YIELD,ALL UTILIZATION PRACTICES,BU / ACRE,39.6
SURVEY,2005,SOYBEANS,ALL CLASSES,YIELD,ALL UTILIZATION PRACTICES,BU / ACRE,43.1
SURVEY,2000,SOYBEANS,ALL CLASSES,YIELD,ALL UTILIZATION PRACTICES,BU / ACRE,38.1
SURVEY,1993,SOYBEANS,ALL CLASSES,YIELD,ALL UTILIZATION PRACTICES,BU / ACRE,32.6
SURVEY,1992,SOYBEANS,ALL CLASSES,YIELD,ALL UTILIZATION PRACTICES,BU / ACRE,37.6
SURVEY,2004,SOYBEANS,ALL CLASSES,YIELD,ALL UTILIZATION PRACTICES,BU / ACRE,42.2
SURVEY,2003,SOYBEANS,ALL CLASSES,YIELD,ALL UTILIZATION PRACTICES,BU / ACRE,33.9
SURVEY,2008,SOYBEANS,ALL CLASSES,YIELD,ALL UTILIZATION PRACTICES,BU / ACRE,39.7
SURVEY,1991,SOYBEANS,ALL CLASSES,YIELD,ALL UTILIZATION PRACTICES,BU / ACRE,34.2
SURVEY,1994,SOYBEANS,ALL CLASSES,YIELD,ALL UTILIZATION PRACTICES,BU / ACRE,41.4
SURVEY,2011,SOYBEANS,ALL CLASSES,YIELD,ALL UTILIZATION PRACTICES,BU / ACRE,42
SURVEY,2012,SOYBEANS,ALL CLASSES,YIELD,ALL UTILIZATION PRACTICES,BU / ACRE,40
SURVEY,1990,SOYBEANS,ALL CLASSES,YIELD,ALL UTILIZATION PRACTICES,BU / ACRE,34.1
SURVEY,2013,SOYBEANS,ALL CLASSES,YIELD,ALL UTILIZATION PRACTICES,BU / ACRE,44
SURVEY,2014,SOYBEANS,ALL CLASSES,YIELD,ALL UTILIZATION PRACTICES,BU / ACRE,47.5
SURVEY,2015,SOYBEANS,ALL CLASSES,YIELD,ALL UTILIZATION PRACTICES,BU / ACRE,48
SURVEY,2016,SOYBEANS,ALL CLASSES,YIELD,ALL UTILIZATION PRACTICES,BU / ACRE,51.9
SURVEY,2017,SOYBEANS,ALL CLASSES,YIELD,ALL UTILIZATION PRACTICES,BU / ACRE,49.3
SURVEY,2018,SOYBEANS,ALL CLASSES,YIELD,ALL UTILIZATION PRACTICES,BU / ACRE,50.6
SURVEY,2019,SOYBEANS,ALL CLASSES,YIELD,ALL UTILIZATION PRACTICES,BU / ACRE,47.4
SURVEY,2002,CORN,ALL CLASSES,AREA HARVESTED,GRAIN,ACRES,69330000
SURVEY,1997,CORN,ALL CLASSES,AREA HARVESTED,GRAIN,ACRES,72671000
SURVEY,2007,CORN,ALL CLASSES,AREA HARVESTED,GRAIN,ACRES,86520000
SURVEY,2009,CORN,ALL CLASSES,AREA HARVESTED,GRAIN,ACRES,79490000
SURVEY,2010,CORN,ALL CLASSES,AREA HARVESTED,GRAIN,ACRES,81446000
SURVEY,2006,CORN,ALL CLASSES,AREA HARVESTED,GRAIN,ACRES,70638000
SURVEY,1995,CORN,ALL CLASSES,AREA HARVESTED,GRAIN,ACRES,65210000
SURVEY,1996,CORN,ALL CLASSES,AREA HARVESTED,GRAIN,ACRES,72644000
SURVEY,1998,CORN,ALL CLASSES,AREA HARVESTED,GRAIN,ACRES,72589000
SURVEY,1999,CORN,ALL CLASSES,AREA HARVESTED,GRAIN,ACRES,70487000
SURVEY,2001,CORN,ALL CLASSES,AREA HARVESTED,GRAIN,ACRES,68768000
SURVEY,2005,CORN,ALL CLASSES,AREA HARVESTED,GRAIN,ACRES,75117000
SURVEY,2000,CORN,ALL CLASSES,AREA HARVESTED,GRAIN,ACRES,72440000
SURVEY,1993,CORN,ALL CLASSES,AREA HARVESTED,GRAIN,ACRES,62933000
SURVEY,1992,CORN,ALL CLASSES,AREA HARVESTED,GRAIN,ACRES,72077000
SURVEY,2004,CORN,ALL CLASSES,AREA HARVESTED,GRAIN,ACRES,73631000
SURVEY,2003,CORN,ALL CLASSES,AREA HARVESTED,GRAIN,ACRES,70944000
SURVEY,2008,CORN,ALL CLASSES,AREA HARVESTED,GRAIN,ACRES,78570000
SURVEY,1991,CORN,ALL CLASSES,AREA HARVESTED,GRAIN,ACRES,68822000
SURVEY,1994,CORN,ALL CLASSES,AREA HARVESTED,GRAIN,ACRES,72514000
SURVEY,2011,CORN,ALL CLASSES,AREA HARVESTED,GRAIN,ACRES,83879000
SURVEY,2012,CORN,ALL CLASSES,AREA HARVESTED,GRAIN,ACRES,87365000
SURVEY,1990,CORN,ALL CLASSES,AREA HARVESTED,GRAIN,ACRES,66952000
SURVEY,2013,CORN,ALL CLASSES,AREA HARVESTED,GRAIN,ACRES,87461000
SURVEY,2014,CORN,ALL CLASSES,AREA HARVESTED,GRAIN,ACRES,83146000
SURVEY,2015,CORN,ALL CLASSES,AREA HARVESTED,GRAIN,ACRES,80753000
SURVEY,2016,CORN,ALL CLASSES,AREA HARVESTED,GRAIN,ACRES,86748000
SURVEY,2017,CORN,ALL CLASSES,AREA HARVESTED,GRAIN,ACRES,82733000
SURVEY,2018,CORN,ALL CLASSES,AREA HARVESTED,GRAIN,ACRES,81276000
SURVEY,2019,CORN,ALL CLASSES,AREA HARVESTED,GRAIN,ACRES,81482000
SURVEY,2002,CORN,ALL CLASSES,PRODUCTION,GRAIN,BU,8966787000
SURVEY,1997,CORN,ALL CLASSES,PRODUCTION,GRAIN,BU,9206832000
SURVEY,2007,CORN,ALL CLASSES,PRODUCTION,GRAIN,BU,13037875000
SURVEY,2009,CORN,ALL CLASSES,PRODUCTION,GRAIN,BU,13067156000
SURVEY,2010,CORN,ALL CLASSES,PRODUCTION,GRAIN,BU,12425330000
SURVEY,2006,CORN,ALL CLASSES,PRODUCTION,GRAIN,BU,10531123000
SURVEY,1995,CORN,ALL CLASSES,PRODUCTION,GRAIN,BU,7400051000
SURVEY,1996,CORN,ALL CLASSES,PRODUCTION,GRAIN,BU,9232557000
SURVEY,1998,CORN,ALL CLASSES,PRODUCTION,GRAIN,BU,9758685000
SURVEY,1999,CORN,ALL CLASSES,PRODUCTION,GRAIN,BU,9430612000
SURVEY,2001,CORN,ALL CLASSES,PRODUCTION,GRAIN,BU,9502580000
SURVEY,2005,CORN,ALL CLASSES,PRODUCTION,GRAIN,BU,11112187000
SURVEY,2000,CORN,ALL CLASSES,PRODUCTION,GRAIN,BU,9915051000
SURVEY,1993,CORN,ALL CLASSES,PRODUCTION,GRAIN,BU,6337730000
SURVEY,1992,CORN,ALL CLASSES,PRODUCTION,GRAIN,BU,9476698000
SURVEY,2004,CORN,ALL CLASSES,PRODUCTION,GRAIN,BU,11805581000
SURVEY,2003,CORN,ALL CLASSES,PRODUCTION,GRAIN,BU,10087292000
SURVEY,2008,CORN,ALL CLASSES,PRODUCTION,GRAIN,BU,12043203000
SURVEY,1991,CORN,ALL CLASSES,PRODUCTION,GRAIN,BU,7474765000
SURVEY,1994,CORN,ALL CLASSES,PRODUCTION,GRAIN,BU,10050520000
SURVEY,2011,CORN,ALL CLASSES,PRODUCTION,GRAIN,BU,12313956000
SURVEY,2012,CORN,ALL CLASSES,PRODUCTION,GRAIN,BU,10755111000
SURVEY,1990,CORN,ALL CLASSES,PRODUCTION,GRAIN,BU,7934028000
SURVEY,2013,CORN,ALL CLASSES,PRODUCTION,GRAIN,BU,13830704000
SURVEY,2014,CORN,ALL CLASSES,PRODUCTION,GRAIN,BU,14217292000
SURVEY,2015,CORN,ALL CLASSES,PRODUCTION,GRAIN,BU,13601964000
SURVEY,2016,CORN,ALL CLASSES,PRODUCTION,GRAIN,BU,15148038000
SURVEY,2017,CORN,ALL CLASSES,PRODUCTION,GRAIN,BU,14609407000
SURVEY,2018,CORN,ALL CLASSES,PRODUCTION,GRAIN,BU,14340369000
SURVEY,2019,CORN,ALL CLASSES,PRODUCTION,GRAIN,BU,13691561000
SURVEY,2002,CORN,ALL CLASSES,YIELD,GRAIN,BU / ACRE,129.3
SURVEY,1997,CORN,ALL CLASSES,YIELD,GRAIN,BU / ACRE,126.7
SURVEY,2007,CORN,ALL CLASSES,YIELD,GRAIN,BU / ACRE,150.7
SURVEY,2009,CORN,ALL CLASSES,YIELD,GRAIN,BU / ACRE,164.4
SURVEY,2010,CORN,ALL CLASSES,YIELD,GRAIN,BU / ACRE,152.6
SURVEY,2006,CORN,ALL CLASSES,YIELD,GRAIN,BU / ACRE,149.1
SURVEY,1995,CORN,ALL CLASSES,YIELD,GRAIN,BU / ACRE,113.5
SURVEY,1996,CORN,ALL CLASSES,YIELD,GRAIN,BU / ACRE,127.1
SURVEY,1998,CORN,ALL CLASSES,YIELD,GRAIN,BU / ACRE,134.4
SURVEY,1999,CORN,ALL CLASSES,YIELD,GRAIN,BU / ACRE,133.8
SURVEY,2001,CORN,ALL CLASSES,YIELD,GRAIN,BU / ACRE,138.2
SURVEY,2005,CORN,ALL CLASSES,YIELD,GRAIN,BU / ACRE,147.9
SURVEY,2000,CORN,ALL CLASSES,YIELD,GRAIN,BU / ACRE,136.9
SURVEY,1993,CORN,ALL CLASSES,YIELD,GRAIN,BU / ACRE,100.7
SURVEY,1992,CORN,ALL CLASSES,YIELD,GRAIN,BU / ACRE,131.5
SURVEY,2004,CORN,ALL CLASSES,YIELD,GRAIN,BU / ACRE,160.3
SURVEY,2003,CORN,ALL CLASSES,YIELD,GRAIN,BU / ACRE,142.2
SURVEY,2008,CORN,ALL CLASSES,YIELD,GRAIN,BU / ACRE,153.3
SURVEY,1991,CORN,ALL CLASSES,YIELD,GRAIN,BU / ACRE,108.6
SURVEY,1994,CORN,ALL CLASSES,YIELD,GRAIN,BU / ACRE,138.6
SURVEY,2011,CORN,ALL CLASSES,YIELD,GRAIN,BU / ACRE,146.8
SURVEY,2012,CORN,ALL CLASSES,YIELD,GRAIN,BU / ACRE,123.1
SURVEY,1990,CORN,ALL CLASSES,YIELD,GRAIN,BU / ACRE,118.5
SURVEY,2013,CORN,ALL CLASSES,YIELD,GRAIN,BU / ACRE,158.1
SURVEY,2014,CORN,ALL CLASSES,YIELD,GRAIN,BU / ACRE,171
SURVEY,2015,CORN,ALL CLASSES,YIELD,GRAIN,BU / ACRE,168.4
SURVEY,2016,CORN,ALL CLASSES,YIELD,GRAIN,BU / ACRE,174.6
SURVEY,2017,CORN,ALL CLASSES,YIELD,GRAIN,BU / ACRE,176.6
SURVEY,2018,CORN,ALL CLASSES,YIELD,GRAIN,BU / ACRE,176.4
SURVEY,2019,CORN,ALL CLASSES,YIELD,GRAIN,BU / ACRE,168
